"0","# importing data"
"0","df <- read_excel(""data/AidDatasGlobalChineseDevelopmentFinanceDataset_v3.0.xlsx"", sheet = ""GCDF_3.0"", col_names = TRUE)"
"2","Warning: Expecting logical in CF1074 / R1074C84: got 'Yes'"
"2","Warning: Expecting numeric in C1240 / R1240C3: got '742|925'"
"2","Warning: Expecting logical in BE2000 / R2000C57: got 'Yes'"
"2","Warning: Expecting logical in BE2001 / R2001C57: got 'Yes'"
"2","Warning: Expecting logical in BE2002 / R2002C57: got 'Yes'"
"2","Warning: Expecting logical in CF2207 / R2207C84: got 'Yes'"
"2","Warning: Expecting logical in BE2250 / R2250C57: got 'Yes'"
"2","Warning: Expecting numeric in C2304 / R2304C3: got '566|2128'"
"2","Warning: Expecting logical in CL2354 / R2354C90: got 'Yes'"
"2","Warning: Expecting logical in CL2355 / R2355C90: got 'Yes'"
"2","Warning: Expecting logical in BE2463 / R2463C57: got 'Yes'"
"2","Warning: Expecting numeric in C2501 / R2501C3: got '429|1252'"
"2","Warning: Expecting logical in BE2550 / R2550C57: got 'Yes'"
"2","Warning: Expecting logical in BE2551 / R2551C57: got 'Yes'"
"2","Warning: Expecting logical in CO2784 / R2784C93: got 'Yes'"
"2","Warning: Expecting logical in CO2785 / R2785C93: got 'Yes'"
"2","Warning: Expecting logical in CO2786 / R2786C93: got 'Yes'"
"2","Warning: Expecting logical in CO2787 / R2787C93: got 'Yes'"
"2","Warning: Expecting logical in BE2828 / R2828C57: got 'Yes'"
"2","Warning: Expecting logical in BE2830 / R2830C57: got 'Yes'"
"2","Warning: Expecting logical in BE2831 / R2831C57: got 'Yes'"
"2","Warning: Expecting logical in BE3036 / R3036C57: got 'Yes'"
"2","Warning: Expecting logical in CK3324 / R3324C89: got 'Yes'"
"2","Warning: Expecting logical in CO3521 / R3521C93: got 'Yes'"
"2","Warning: Expecting logical in CO3524 / R3524C93: got 'Yes'"
"2","Warning: Expecting numeric in C3702 / R3702C3: got '740|884'"
"2","Warning: Expecting logical in CK3725 / R3725C89: got 'Yes'"
"2","Warning: Expecting numeric in C3732 / R3732C3: got '882|425'"
"2","Warning: Expecting logical in CF3757 / R3757C84: got 'Yes'"
"2","Warning: Expecting logical in BE3759 / R3759C57: got 'Yes'"
"2","Warning: Expecting logical in BE3818 / R3818C57: got 'Yes'"
"2","Warning: Expecting logical in BE3822 / R3822C57: got 'Yes'"
"2","Warning: Expecting logical in BE3828 / R3828C57: got 'Yes'"
"2","Warning: Expecting numeric in C3848 / R3848C3: got '597|2330'"
"2","Warning: Expecting logical in CK3854 / R3854C89: got 'Yes'"
"2","Warning: Expecting logical in CL3882 / R3882C90: got 'Yes'"
"2","Warning: Expecting logical in CK3905 / R3905C89: got 'Yes'"
"2","Warning: Expecting logical in CO3937 / R3937C93: got 'Yes'"
"2","Warning: Expecting logical in CL3987 / R3987C90: got 'Yes'"
"2","Warning: Expecting logical in CF4022 / R4022C84: got 'Yes'"
"2","Warning: Expecting logical in CL4054 / R4054C90: got 'Yes'"
"2","Warning: Expecting logical in CL4055 / R4055C90: got 'Yes'"
"2","Warning: Expecting logical in CO4088 / R4088C93: got 'Yes'"
"2","Warning: Expecting logical in CO4089 / R4089C93: got 'Yes'"
"2","Warning: Expecting logical in CF4138 / R4138C84: got 'Yes'"
"2","Warning: Expecting logical in CF4189 / R4189C84: got 'Yes'"
"2","Warning: Expecting logical in CO4305 / R4305C93: got 'Yes'"
"2","Warning: Expecting logical in CO4306 / R4306C93: got 'Yes'"
"2","Warning: Expecting logical in CO4336 / R4336C93: got 'Yes'"
"2","Warning: Expecting logical in CO4358 / R4358C93: got 'Yes'"
"2","Warning: Expecting numeric in C4398 / R4398C3: got '903|2626'"
"2","Warning: Expecting logical in CO4476 / R4476C93: got 'Yes'"
"2","Warning: Expecting logical in BE4516 / R4516C57: got 'Yes'"
"2","Warning: Expecting logical in CF4530 / R4530C84: got 'Yes'"
"2","Warning: Expecting numeric in C4535 / R4535C3: got '651|955'"
"2","Warning: Expecting logical in CF4535 / R4535C84: got 'Yes'"
"2","Warning: Expecting numeric in C4615 / R4615C3: got '641|1295'"
"2","Warning: Expecting logical in BE4706 / R4706C57: got 'Yes'"
"2","Warning: Expecting numeric in C4711 / R4711C3: got '449|972'"
"2","Warning: Expecting logical in BE4715 / R4715C57: got 'Yes'"
"2","Warning: Expecting logical in BE4716 / R4716C57: got 'Yes'"
"2","Warning: Expecting logical in BE4757 / R4757C57: got 'Yes'"
"2","Warning: Expecting numeric in C4838 / R4838C3: got '566|2129'"
"2","Warning: Expecting logical in CF4841 / R4841C84: got 'Yes'"
"2","Warning: Expecting logical in CF4851 / R4851C84: got 'Yes'"
"2","Warning: Expecting logical in BE4869 / R4869C57: got 'Yes'"
"2","Warning: Expecting logical in CO4960 / R4960C93: got 'Yes'"
"2","Warning: Expecting logical in CO4962 / R4962C93: got 'Yes'"
"2","Warning: Expecting numeric in C5010 / R5010C3: got '838|1535'"
"2","Warning: Expecting logical in BE5010 / R5010C57: got 'Yes'"
"2","Warning: Expecting logical in CF5013 / R5013C84: got 'Yes'"
"2","Warning: Expecting logical in BE5061 / R5061C57: got 'Yes'"
"2","Warning: Expecting logical in BE5062 / R5062C57: got 'Yes'"
"2","Warning: Expecting logical in BE5064 / R5064C57: got 'Yes'"
"2","Warning: Expecting numeric in C5160 / R5160C3: got '620|1871'"
"2","Warning: Expecting logical in BE5165 / R5165C57: got 'Yes'"
"2","Warning: Expecting logical in BE5188 / R5188C57: got 'Yes'"
"2","Warning: Expecting logical in BE5189 / R5189C57: got 'Yes'"
"2","Warning: Expecting logical in CF5205 / R5205C84: got 'Yes'"
"2","Warning: Expecting numeric in C5214 / R5214C3: got '465|904'"
"2","Warning: Expecting numeric in C5229 / R5229C3: got '517|620'"
"2","Warning: Expecting numeric in C5267 / R5267C3: got '780|954'"
"2","Warning: Expecting logical in CF5267 / R5267C84: got 'Yes'"
"2","Warning: Expecting logical in BE5295 / R5295C57: got 'Yes'"
"2","Warning: Expecting logical in BE5316 / R5316C57: got 'Yes'"
"2","Warning: Expecting numeric in C5317 / R5317C3: got '713|935'"
"2","Warning: Expecting numeric in C5336 / R5336C3: got '857|1399'"
"2","Warning: Expecting numeric in C5360 / R5360C3: got '597|2747'"
"2","Warning: Expecting numeric in C5367 / R5367C3: got '597|2746'"
"2","Warning: Expecting numeric in C5368 / R5368C3: got '597|2747'"
"2","Warning: Expecting logical in CF5375 / R5375C84: got 'Yes'"
"2","Warning: Expecting logical in CF5390 / R5390C84: got 'Yes'"
"2","Warning: Expecting logical in CO5399 / R5399C93: got 'Yes'"
"2","Warning: Expecting logical in CO5427 / R5427C93: got 'Yes'"
"2","Warning: Expecting logical in CF5435 / R5435C84: got 'Yes'"
"2","Warning: Expecting logical in CK5435 / R5435C89: got 'Yes'"
"2","Warning: Expecting logical in CF5446 / R5446C84: got 'Yes'"
"2","Warning: Expecting logical in CF5459 / R5459C84: got 'Yes'"
"2","Warning: Expecting numeric in C5468 / R5468C3: got '861|1330'"
"2","Warning: Expecting logical in CF5470 / R5470C84: got 'Yes'"
"2","Warning: Expecting logical in CK5477 / R5477C89: got 'Yes'"
"2","Warning: Expecting logical in CF5486 / R5486C84: got 'Yes'"
"2","Warning: Expecting numeric in C5514 / R5514C3: got '694|2341'"
"2","Warning: Expecting logical in CF5515 / R5515C84: got 'Yes'"
"2","Warning: Expecting numeric in C5517 / R5517C3: got '797|807'"
"2","Warning: Expecting logical in CF5551 / R5551C84: got 'Yes'"
"2","Warning: Expecting logical in CF5552 / R5552C84: got 'Yes'"
"2","Warning: Expecting logical in CF5609 / R5609C84: got 'Yes'"
"2","Warning: Expecting logical in BE5629 / R5629C57: got 'Yes'"
"2","Warning: Expecting numeric in C5630 / R5630C3: got '563|896'"
"2","Warning: Expecting logical in CF5633 / R5633C84: got 'Yes'"
"2","Warning: Expecting logical in CL5640 / R5640C90: got 'Yes'"
"2","Warning: Expecting logical in CL5641 / R5641C90: got 'Yes'"
"2","Warning: Expecting logical in CL5642 / R5642C90: got 'Yes'"
"2","Warning: Expecting logical in CL5643 / R5643C90: got 'Yes'"
"2","Warning: Expecting logical in CL5644 / R5644C90: got 'Yes'"
"2","Warning: Expecting logical in CL5645 / R5645C90: got 'Yes'"
"2","Warning: Expecting logical in CL5646 / R5646C90: got 'Yes'"
"2","Warning: Expecting logical in CF5680 / R5680C84: got 'Yes'"
"2","Warning: Expecting logical in CF5685 / R5685C84: got 'Yes'"
"2","Warning: Expecting numeric in C5695 / R5695C3: got '698|1274'"
"2","Warning: Expecting logical in CF5712 / R5712C84: got 'Yes'"
"2","Warning: Expecting numeric in C5713 / R5713C3: got '2162|620'"
"2","Warning: Expecting logical in CF5716 / R5716C84: got 'Yes'"
"2","Warning: Expecting logical in CF5731 / R5731C84: got 'Yes'"
"2","Warning: Expecting numeric in C5767 / R5767C3: got '2162|620'"
"2","Warning: Expecting logical in CF5785 / R5785C84: got 'Yes'"
"2","Warning: Expecting logical in CF5806 / R5806C84: got 'Yes'"
"2","Warning: Expecting numeric in C5829 / R5829C3: got '422|644'"
"2","Warning: Expecting logical in CF5845 / R5845C84: got 'Yes'"
"2","Warning: Expecting logical in CF5863 / R5863C84: got 'Yes'"
"2","Warning: Expecting logical in CF5866 / R5866C84: got 'Yes'"
"2","Warning: Expecting logical in CF5878 / R5878C84: got 'Yes'"
"2","Warning: Expecting logical in CF5884 / R5884C84: got 'Yes'"
"2","Warning: Expecting logical in CF5890 / R5890C84: got 'Yes'"
"2","Warning: Expecting numeric in C5922 / R5922C3: got '2179|620'"
"2","Warning: Expecting logical in CF5937 / R5937C84: got 'Yes'"
"2","Warning: Expecting logical in CF5972 / R5972C84: got 'Yes'"
"2","Warning: Expecting logical in CF6010 / R6010C84: got 'Yes'"
"2","Warning: Expecting logical in CF6029 / R6029C84: got 'Yes'"
"2","Warning: Expecting logical in CF6044 / R6044C84: got 'Yes'"
"2","Warning: Expecting logical in CF6067 / R6067C84: got 'Yes'"
"2","Warning: Expecting logical in BE6088 / R6088C57: got 'Yes'"
"2","Warning: Expecting logical in CF6097 / R6097C84: got 'Yes'"
"2","Warning: Expecting logical in CF6127 / R6127C84: got 'Yes'"
"2","Warning: Expecting logical in CF6128 / R6128C84: got 'Yes'"
"2","Warning: Expecting logical in CF6156 / R6156C84: got 'Yes'"
"2","Warning: Expecting numeric in C6174 / R6174C3: got '449|899'"
"2","Warning: Expecting logical in CF6177 / R6177C84: got 'Yes'"
"2","Warning: Expecting logical in CO6197 / R6197C93: got 'Yes'"
"2","Warning: Expecting logical in CO6198 / R6198C93: got 'Yes'"
"2","Warning: Expecting logical in CO6201 / R6201C93: got 'Yes'"
"2","Warning: Expecting logical in CO6202 / R6202C93: got 'Yes'"
"2","Warning: Expecting logical in CO6203 / R6203C93: got 'Yes'"
"2","Warning: Expecting logical in CO6204 / R6204C93: got 'Yes'"
"2","Warning: Expecting logical in CO6206 / R6206C93: got 'Yes'"
"2","Warning: Expecting logical in CO6207 / R6207C93: got 'Yes'"
"2","Warning: Expecting logical in BE6229 / R6229C57: got 'Yes'"
"2","Warning: Expecting logical in CF6247 / R6247C84: got 'Yes'"
"2","Warning: Expecting logical in CF6255 / R6255C84: got 'Yes'"
"2","Warning: Expecting logical in CF6256 / R6256C84: got 'Yes'"
"2","Warning: Expecting logical in CF6297 / R6297C84: got 'Yes'"
"2","Warning: Expecting logical in CF6331 / R6331C84: got 'Yes'"
"2","Warning: Expecting logical in CF6365 / R6365C84: got 'Yes'"
"2","Warning: Expecting logical in CF6370 / R6370C84: got 'Yes'"
"2","Warning: Expecting numeric in C6373 / R6373C3: got '641|1295'"
"2","Warning: Expecting logical in CF6382 / R6382C84: got 'Yes'"
"2","Warning: Expecting logical in CL6408 / R6408C90: got 'Yes'"
"2","Warning: Expecting logical in CL6445 / R6445C90: got 'Yes'"
"2","Warning: Expecting logical in CF6491 / R6491C84: got 'Yes'"
"2","Warning: Expecting logical in CK6494 / R6494C89: got 'Yes'"
"2","Warning: Expecting logical in CF6501 / R6501C84: got 'Yes'"
"2","Warning: Expecting logical in CF6505 / R6505C84: got 'Yes'"
"2","Warning: Expecting logical in CK6522 / R6522C89: got 'Yes'"
"2","Warning: Expecting logical in CK6523 / R6523C89: got 'Yes'"
"2","Warning: Expecting logical in CF6542 / R6542C84: got 'Yes'"
"2","Warning: Expecting logical in CF6558 / R6558C84: got 'Yes'"
"2","Warning: Expecting logical in CF6576 / R6576C84: got 'Yes'"
"2","Warning: Expecting logical in CF6611 / R6611C84: got 'Yes'"
"2","Warning: Expecting logical in CF6613 / R6613C84: got 'Yes'"
"2","Warning: Expecting logical in CF6634 / R6634C84: got 'Yes'"
"2","Warning: Expecting logical in BE6650 / R6650C57: got 'Yes'"
"2","Warning: Expecting logical in CF6656 / R6656C84: got 'Yes'"
"2","Warning: Expecting logical in BE6657 / R6657C57: got 'Yes'"
"2","Warning: Expecting logical in CF6659 / R6659C84: got 'Yes'"
"2","Warning: Expecting logical in CF6663 / R6663C84: got 'Yes'"
"2","Warning: Expecting logical in CF6687 / R6687C84: got 'Yes'"
"2","Warning: Expecting logical in CF6691 / R6691C84: got 'Yes'"
"2","Warning: Expecting logical in CF6737 / R6737C84: got 'Yes'"
"2","Warning: Expecting numeric in C6742 / R6742C3: got '613|965'"
"2","Warning: Expecting logical in CF6743 / R6743C84: got 'Yes'"
"2","Warning: Expecting logical in BE6771 / R6771C57: got 'Yes'"
"2","Warning: Expecting logical in BE6808 / R6808C57: got 'Yes'"
"2","Warning: Expecting logical in CO6813 / R6813C93: got 'Yes'"
"2","Warning: Expecting logical in CF6814 / R6814C84: got 'Yes'"
"2","Warning: Expecting logical in BE6826 / R6826C57: got 'Yes'"
"2","Warning: Expecting logical in BE6827 / R6827C57: got 'Yes'"
"2","Warning: Expecting logical in CF6834 / R6834C84: got 'Yes'"
"2","Warning: Expecting logical in CF6835 / R6835C84: got 'Yes'"
"2","Warning: Expecting logical in CF6845 / R6845C84: got 'Yes'"
"2","Warning: Expecting logical in CF6854 / R6854C84: got 'Yes'"
"2","Warning: Expecting logical in CF6855 / R6855C84: got 'Yes'"
"2","Warning: Expecting logical in CF6856 / R6856C84: got 'Yes'"
"2","Warning: Expecting numeric in C6857 / R6857C3: got '636|1381'"
"2","Warning: Expecting logical in CF6860 / R6860C84: got 'Yes'"
"2","Warning: Expecting logical in CF6871 / R6871C84: got 'Yes'"
"2","Warning: Expecting logical in CF6876 / R6876C84: got 'Yes'"
"2","Warning: Expecting numeric in C6921 / R6921C3: got '1251|622'"
"2","Warning: Expecting logical in CF6926 / R6926C84: got 'Yes'"
"2","Warning: Expecting logical in CF6930 / R6930C84: got 'Yes'"
"2","Warning: Expecting numeric in C6937 / R6937C3: got '800|938'"
"2","Warning: Expecting logical in BE7000 / R7000C57: got 'Yes'"
"2","Warning: Expecting logical in BE7007 / R7007C57: got 'Yes'"
"2","Warning: Expecting logical in CF7013 / R7013C84: got 'Yes'"
"2","Warning: Expecting logical in CF7025 / R7025C84: got 'Yes'"
"2","Warning: Expecting logical in CF7046 / R7046C84: got 'Yes'"
"2","Warning: Expecting logical in CF7058 / R7058C84: got 'Yes'"
"2","Warning: Expecting logical in CF7062 / R7062C84: got 'Yes'"
"2","Warning: Expecting logical in CF7068 / R7068C84: got 'Yes'"
"2","Warning: Expecting logical in BE7087 / R7087C57: got 'Yes'"
"2","Warning: Expecting logical in CF7093 / R7093C84: got 'Yes'"
"2","Warning: Expecting numeric in C7106 / R7106C3: got '620|1871'"
"2","Warning: Expecting logical in CF7110 / R7110C84: got 'Yes'"
"2","Warning: Expecting logical in CF7151 / R7151C84: got 'Yes'"
"2","Warning: Expecting logical in CF7158 / R7158C84: got 'Yes'"
"2","Warning: Expecting numeric in C7164 / R7164C3: got '541|568'"
"2","Warning: Expecting logical in CF7172 / R7172C84: got 'Yes'"
"2","Warning: Expecting numeric in C7186 / R7186C3: got '529|449'"
"2","Warning: Expecting logical in CF7188 / R7188C84: got 'Yes'"
"2","Warning: Expecting logical in CK7198 / R7198C89: got 'Yes'"
"2","Warning: Expecting logical in CK7207 / R7207C89: got 'Yes'"
"2","Warning: Expecting logical in CK7208 / R7208C89: got 'Yes'"
"2","Warning: Expecting logical in CF7222 / R7222C84: got 'Yes'"
"2","Warning: Expecting numeric in C7224 / R7224C3: got '20|515'"
"2","Warning: Expecting logical in CF7237 / R7237C84: got 'Yes'"
"2","Warning: Expecting logical in CF7238 / R7238C84: got 'Yes'"
"2","Warning: Expecting numeric in C7244 / R7244C3: got '702|939'"
"2","Warning: Expecting logical in CF7279 / R7279C84: got 'Yes'"
"2","Warning: Expecting logical in CF7331 / R7331C84: got 'Yes'"
"2","Warning: Expecting logical in BE7343 / R7343C57: got 'Yes'"
"2","Warning: Expecting logical in BE7345 / R7345C57: got 'Yes'"
"2","Warning: Expecting logical in CF7365 / R7365C84: got 'Yes'"
"2","Warning: Expecting logical in CL7367 / R7367C90: got 'Yes'"
"2","Warning: Expecting logical in CL7368 / R7368C90: got 'Yes'"
"2","Warning: Expecting logical in CL7369 / R7369C90: got 'Yes'"
"2","Warning: Expecting logical in BE7373 / R7373C57: got 'Yes'"
"2","Warning: Expecting logical in CF7441 / R7441C84: got 'Yes'"
"2","Warning: Expecting logical in BE7445 / R7445C57: got 'Yes'"
"2","Warning: Expecting numeric in C7452 / R7452C3: got '517|620'"
"2","Warning: Expecting logical in CF7459 / R7459C84: got 'Yes'"
"2","Warning: Expecting numeric in C7465 / R7465C3: got '839|2452'"
"2","Warning: Expecting logical in CF7503 / R7503C84: got 'Yes'"
"2","Warning: Expecting logical in CF7514 / R7514C84: got 'Yes'"
"2","Warning: Expecting logical in CF7516 / R7516C84: got 'Yes'"
"2","Warning: Expecting logical in CF7522 / R7522C84: got 'Yes'"
"2","Warning: Expecting numeric in C7524 / R7524C3: got '479|969'"
"2","Warning: Expecting logical in CF7527 / R7527C84: got 'Yes'"
"2","Warning: Expecting logical in CF7562 / R7562C84: got 'Yes'"
"2","Warning: Expecting logical in CF7563 / R7563C84: got 'Yes'"
"2","Warning: Expecting logical in BE7572 / R7572C57: got 'Yes'"
"2","Warning: Expecting logical in CF7576 / R7576C84: got 'Yes'"
"2","Warning: Expecting numeric in C7603 / R7603C3: got '528|942'"
"2","Warning: Expecting logical in CF7619 / R7619C84: got 'Yes'"
"2","Warning: Expecting logical in CF7627 / R7627C84: got 'Yes'"
"2","Warning: Expecting logical in CK7646 / R7646C89: got 'Yes'"
"2","Warning: Expecting logical in BE7662 / R7662C57: got 'Yes'"
"2","Warning: Expecting logical in CF7684 / R7684C84: got 'Yes'"
"2","Warning: Expecting logical in BE7688 / R7688C57: got 'Yes'"
"2","Warning: Expecting logical in CL7688 / R7688C90: got 'Yes'"
"2","Warning: Expecting logical in CF7740 / R7740C84: got 'Yes'"
"2","Warning: Expecting logical in CF7746 / R7746C84: got 'Yes'"
"2","Warning: Expecting logical in CO7761 / R7761C93: got 'Yes'"
"2","Warning: Expecting logical in CF7764 / R7764C84: got 'Yes'"
"2","Warning: Expecting numeric in C7791 / R7791C3: got '641|1295'"
"2","Warning: Expecting logical in BE7797 / R7797C57: got 'Yes'"
"2","Warning: Expecting logical in CO7824 / R7824C93: got 'Yes'"
"2","Warning: Expecting logical in CF7854 / R7854C84: got 'Yes'"
"2","Warning: Expecting logical in CF7866 / R7866C84: got 'Yes'"
"2","Warning: Expecting logical in CF7871 / R7871C84: got 'Yes'"
"2","Warning: Expecting logical in BE7875 / R7875C57: got 'Yes'"
"2","Warning: Expecting logical in CF7877 / R7877C84: got 'Yes'"
"2","Warning: Expecting logical in CF7879 / R7879C84: got 'Yes'"
"2","Warning: Expecting logical in BE7911 / R7911C57: got 'Yes'"
"2","Warning: Expecting logical in BE7936 / R7936C57: got 'Yes'"
"2","Warning: Expecting numeric in C7947 / R7947C3: got '641|1295'"
"2","Warning: Expecting numeric in C7949 / R7949C3: got '541|568'"
"2","Warning: Expecting numeric in C7951 / R7951C3: got '2163|620'"
"2","Warning: Expecting logical in BE8008 / R8008C57: got 'Yes'"
"2","Warning: Expecting logical in BE8011 / R8011C57: got 'Yes'"
"2","Warning: Expecting logical in BE8012 / R8012C57: got 'Yes'"
"2","Warning: Expecting logical in BE8024 / R8024C57: got 'Yes'"
"2","Warning: Expecting logical in BE8028 / R8028C57: got 'Yes'"
"2","Warning: Expecting logical in CF8035 / R8035C84: got 'Yes'"
"2","Warning: Expecting logical in BE8036 / R8036C57: got 'Yes'"
"2","Warning: Expecting logical in BE8043 / R8043C57: got 'Yes'"
"2","Warning: Expecting logical in BE8059 / R8059C57: got 'Yes'"
"2","Warning: Expecting logical in CF8072 / R8072C84: got 'Yes'"
"2","Warning: Expecting logical in CF8075 / R8075C84: got 'Yes'"
"2","Warning: Expecting logical in CF8078 / R8078C84: got 'Yes'"
"2","Warning: Expecting numeric in C8091 / R8091C3: got '517|620'"
"2","Warning: Expecting logical in BE8139 / R8139C57: got 'Yes'"
"2","Warning: Expecting logical in BE8148 / R8148C57: got 'Yes'"
"2","Warning: Expecting logical in BE8152 / R8152C57: got 'Yes'"
"2","Warning: Expecting logical in BE8166 / R8166C57: got 'Yes'"
"2","Warning: Expecting logical in CF8210 / R8210C84: got 'Yes'"
"2","Warning: Expecting logical in BE8214 / R8214C57: got 'Yes'"
"2","Warning: Expecting logical in BE8220 / R8220C57: got 'Yes'"
"2","Warning: Expecting logical in BE8226 / R8226C57: got 'Yes'"
"2","Warning: Expecting logical in CO8262 / R8262C93: got 'Yes'"
"2","Warning: Expecting numeric in C8273 / R8273C3: got '758|944'"
"2","Warning: Expecting logical in BE8284 / R8284C57: got 'Yes'"
"2","Warning: Expecting logical in BE8292 / R8292C57: got 'Yes'"
"2","Warning: Expecting numeric in C8297 / R8297C3: got '636|1381'"
"2","Warning: Expecting logical in CF8297 / R8297C84: got 'Yes'"
"2","Warning: Expecting logical in BE8303 / R8303C57: got 'Yes'"
"2","Warning: Expecting logical in BE8332 / R8332C57: got 'Yes'"
"2","Warning: Expecting logical in BE8334 / R8334C57: got 'Yes'"
"2","Warning: Expecting logical in BE8348 / R8348C57: got 'Yes'"
"2","Warning: Expecting logical in BE8349 / R8349C57: got 'Yes'"
"2","Warning: Expecting logical in CF8376 / R8376C84: got 'Yes'"
"2","Warning: Expecting logical in CF8380 / R8380C84: got 'Yes'"
"2","Warning: Expecting logical in BE8399 / R8399C57: got 'Yes'"
"2","Warning: Expecting logical in BE8402 / R8402C57: got 'Yes'"
"2","Warning: Expecting logical in BE8403 / R8403C57: got 'Yes'"
"2","Warning: Expecting numeric in C8411 / R8411C3: got '1122|819'"
"2","Warning: Expecting logical in CK8446 / R8446C89: got 'Yes'"
"2","Warning: Expecting logical in CK8460 / R8460C89: got 'Yes'"
"2","Warning: Expecting numeric in C8476 / R8476C3: got '2164|620'"
"2","Warning: Expecting numeric in C8477 / R8477C3: got '2164|620'"
"2","Warning: Expecting logical in BE8483 / R8483C57: got 'Yes'"
"2","Warning: Expecting numeric in C8501 / R8501C3: got '917|434'"
"2","Warning: Expecting logical in BE8501 / R8501C57: got 'Yes'"
"2","Warning: Expecting numeric in C8506 / R8506C3: got '524|917|434'"
"2","Warning: Expecting logical in BE8506 / R8506C57: got 'Yes'"
"2","Warning: Expecting logical in BE8510 / R8510C57: got 'Yes'"
"2","Warning: Expecting logical in BE8543 / R8543C57: got 'Yes'"
"2","Warning: Expecting logical in CF8547 / R8547C84: got 'Yes'"
"2","Warning: Expecting logical in CF8577 / R8577C84: got 'Yes'"
"2","Warning: Expecting numeric in C8580 / R8580C3: got '592|2755'"
"2","Warning: Expecting logical in BE8584 / R8584C57: got 'Yes'"
"2","Warning: Expecting logical in BE8593 / R8593C57: got 'Yes'"
"2","Warning: Expecting logical in CF8622 / R8622C84: got 'Yes'"
"2","Warning: Expecting logical in CL8630 / R8630C90: got 'Yes'"
"2","Warning: Expecting logical in CF8642 / R8642C84: got 'Yes'"
"2","Warning: Expecting numeric in C8643 / R8643C3: got '2179|620'"
"2","Warning: Expecting logical in CL8662 / R8662C90: got 'Yes'"
"2","Warning: Expecting logical in CK8663 / R8663C89: got 'Yes'"
"2","Warning: Expecting logical in BE8669 / R8669C57: got 'Yes'"
"2","Warning: Expecting logical in CK8673 / R8673C89: got 'Yes'"
"2","Warning: Expecting logical in BE8683 / R8683C57: got 'Yes'"
"2","Warning: Expecting logical in CF8691 / R8691C84: got 'Yes'"
"2","Warning: Expecting logical in CK8695 / R8695C89: got 'Yes'"
"2","Warning: Expecting logical in BE8701 / R8701C57: got 'Yes'"
"2","Warning: Expecting logical in BE8728 / R8728C57: got 'Yes'"
"2","Warning: Expecting numeric in C8749 / R8749C3: got '8|2011'"
"2","Warning: Expecting logical in BE8771 / R8771C57: got 'Yes'"
"2","Warning: Expecting logical in CF8773 / R8773C84: got 'Yes'"
"2","Warning: Expecting logical in BE8802 / R8802C57: got 'Yes'"
"2","Warning: Expecting logical in CL8818 / R8818C90: got 'Yes'"
"2","Warning: Expecting logical in BE8834 / R8834C57: got 'Yes'"
"2","Warning: Expecting logical in CF8838 / R8838C84: got 'Yes'"
"2","Warning: Expecting logical in BE8852 / R8852C57: got 'Yes'"
"2","Warning: Expecting logical in BE8854 / R8854C57: got 'Yes'"
"2","Warning: Expecting logical in BE8877 / R8877C57: got 'Yes'"
"2","Warning: Expecting logical in CF8884 / R8884C84: got 'Yes'"
"2","Warning: Expecting numeric in C8917 / R8917C3: got '839|2452'"
"2","Warning: Expecting logical in BE8938 / R8938C57: got 'Yes'"
"2","Warning: Expecting logical in BE8951 / R8951C57: got 'Yes'"
"2","Warning: Expecting logical in CF8966 / R8966C84: got 'Yes'"
"2","Warning: Expecting logical in BE9000 / R9000C57: got 'Yes'"
"2","Warning: Expecting logical in CF9001 / R9001C84: got 'Yes'"
"2","Warning: Expecting logical in CO9006 / R9006C93: got 'Yes'"
"2","Warning: Expecting logical in BE9015 / R9015C57: got 'Yes'"
"2","Warning: Expecting logical in CF9029 / R9029C84: got 'Yes'"
"2","Warning: Expecting logical in BE9030 / R9030C57: got 'Yes'"
"2","Warning: Expecting logical in BE9031 / R9031C57: got 'Yes'"
"2","Warning: Expecting logical in BE9035 / R9035C57: got 'Yes'"
"2","Warning: Expecting logical in BE9050 / R9050C57: got 'Yes'"
"2","Warning: Expecting logical in BE9069 / R9069C57: got 'Yes'"
"2","Warning: Expecting logical in CF9074 / R9074C84: got 'Yes'"
"2","Warning: Expecting logical in BE9090 / R9090C57: got 'Yes'"
"2","Warning: Expecting logical in CL9090 / R9090C90: got 'Yes'"
"2","Warning: Expecting logical in BE9094 / R9094C57: got 'Yes'"
"2","Warning: Expecting numeric in C9095 / R9095C3: got '631|970'"
"2","Warning: Expecting logical in BE9106 / R9106C57: got 'Yes'"
"2","Warning: Expecting logical in CF9125 / R9125C84: got 'Yes'"
"2","Warning: Expecting logical in BE9126 / R9126C57: got 'Yes'"
"2","Warning: Expecting logical in BE9129 / R9129C57: got 'Yes'"
"2","Warning: Expecting logical in BE9143 / R9143C57: got 'Yes'"
"2","Warning: Expecting numeric in C9164 / R9164C3: got '755|967'"
"2","Warning: Expecting logical in BE9259 / R9259C57: got 'Yes'"
"2","Warning: Expecting numeric in C9269 / R9269C3: got '869|1982'"
"2","Warning: Expecting logical in BE9277 / R9277C57: got 'Yes'"
"2","Warning: Expecting logical in BE9315 / R9315C57: got 'Yes'"
"2","Warning: Expecting logical in CF9336 / R9336C84: got 'Yes'"
"2","Warning: Expecting logical in BE9349 / R9349C57: got 'Yes'"
"2","Warning: Expecting logical in BE9357 / R9357C57: got 'Yes'"
"2","Warning: Expecting logical in BE9380 / R9380C57: got 'Yes'"
"2","Warning: Expecting logical in BE9402 / R9402C57: got 'Yes'"
"2","Warning: Expecting logical in BE9403 / R9403C57: got 'Yes'"
"2","Warning: Expecting logical in CK9404 / R9404C89: got 'Yes'"
"2","Warning: Expecting logical in CF9409 / R9409C84: got 'Yes'"
"2","Warning: Expecting logical in BE9415 / R9415C57: got 'Yes'"
"2","Warning: Expecting logical in BE9428 / R9428C57: got 'Yes'"
"2","Warning: Expecting numeric in C9440 / R9440C3: got '797|812'"
"2","Warning: Expecting logical in BE9468 / R9468C57: got 'Yes'"
"2","Warning: Expecting logical in BE9470 / R9470C57: got 'Yes'"
"2","Warning: Expecting logical in BE9474 / R9474C57: got 'Yes'"
"2","Warning: Expecting logical in BE9475 / R9475C57: got 'Yes'"
"2","Warning: Expecting logical in BE9476 / R9476C57: got 'Yes'"
"2","Warning: Expecting logical in BE9479 / R9479C57: got 'Yes'"
"2","Warning: Expecting logical in BE9484 / R9484C57: got 'Yes'"
"2","Warning: Expecting logical in BE9512 / R9512C57: got 'Yes'"
"2","Warning: Expecting logical in BE9513 / R9513C57: got 'Yes'"
"2","Warning: Expecting logical in BE9515 / R9515C57: got 'Yes'"
"2","Warning: Expecting logical in BE9526 / R9526C57: got 'Yes'"
"2","Warning: Expecting numeric in C9533 / R9533C3: got '809|1313'"
"2","Warning: Expecting logical in BE9542 / R9542C57: got 'Yes'"
"2","Warning: Expecting logical in BE9561 / R9561C57: got 'Yes'"
"2","Warning: Expecting logical in BE9567 / R9567C57: got 'Yes'"
"2","Warning: Expecting logical in BE9569 / R9569C57: got 'Yes'"
"2","Warning: Expecting logical in CO9591 / R9591C93: got 'Yes'"
"2","Warning: Expecting logical in CL9605 / R9605C90: got 'Yes'"
"2","Warning: Expecting logical in CO9606 / R9606C93: got 'Yes'"
"2","Warning: Expecting logical in BE9616 / R9616C57: got 'Yes'"
"2","Warning: Expecting logical in BE9620 / R9620C57: got 'Yes'"
"2","Warning: Expecting logical in BE9637 / R9637C57: got 'Yes'"
"2","Warning: Expecting logical in BE9638 / R9638C57: got 'Yes'"
"2","Warning: Expecting logical in BE9642 / R9642C57: got 'Yes'"
"2","Warning: Expecting logical in BE9645 / R9645C57: got 'Yes'"
"2","Warning: Expecting logical in BE9648 / R9648C57: got 'Yes'"
"2","Warning: Expecting logical in BE9650 / R9650C57: got 'Yes'"
"2","Warning: Expecting logical in BE9651 / R9651C57: got 'Yes'"
"2","Warning: Expecting logical in CO9689 / R9689C93: got 'Yes'"
"2","Warning: Expecting logical in CO9690 / R9690C93: got 'Yes'"
"2","Warning: Expecting numeric in C9698 / R9698C3: got '905|427'"
"2","Warning: Expecting logical in BE9708 / R9708C57: got 'Yes'"
"2","Warning: Expecting logical in CF9730 / R9730C84: got 'Yes'"
"2","Warning: Expecting logical in BE9738 / R9738C57: got 'Yes'"
"2","Warning: Expecting numeric in C9741 / R9741C3: got '2161|620'"
"2","Warning: Expecting numeric in C9742 / R9742C3: got '501|620'"
"2","Warning: Expecting logical in BE9752 / R9752C57: got 'Yes'"
"2","Warning: Expecting numeric in C9759 / R9759C3: got '501|620'"
"2","Warning: Expecting numeric in C9760 / R9760C3: got '2161|620'"
"2","Warning: Expecting logical in BE9775 / R9775C57: got 'Yes'"
"2","Warning: Expecting logical in CO9832 / R9832C93: got 'Yes'"
"2","Warning: Expecting logical in BE9840 / R9840C57: got 'Yes'"
"2","Warning: Expecting numeric in C9841 / R9841C3: got '615|1371'"
"2","Warning: Expecting numeric in C9842 / R9842C3: got '615|1371'"
"2","Warning: Expecting logical in BE9843 / R9843C57: got 'Yes'"
"2","Warning: Expecting logical in BE9847 / R9847C57: got 'Yes'"
"2","Warning: Expecting logical in CF9851 / R9851C84: got 'Yes'"
"2","Warning: Expecting logical in BE9853 / R9853C57: got 'Yes'"
"2","Warning: Expecting logical in BE9869 / R9869C57: got 'Yes'"
"2","Warning: Expecting logical in BE9880 / R9880C57: got 'Yes'"
"2","Warning: Expecting logical in BE9891 / R9891C57: got 'Yes'"
"2","Warning: Expecting logical in BE9893 / R9893C57: got 'Yes'"
"2","Warning: Expecting logical in BE9912 / R9912C57: got 'Yes'"
"2","Warning: Expecting logical in BE9916 / R9916C57: got 'Yes'"
"2","Warning: Expecting logical in BE9919 / R9919C57: got 'Yes'"
"2","Warning: Expecting logical in CO9939 / R9939C93: got 'Yes'"
"2","Warning: Expecting logical in CF9944 / R9944C84: got 'Yes'"
"2","Warning: Expecting logical in CO9948 / R9948C93: got 'Yes'"
"2","Warning: Expecting logical in CK9952 / R9952C89: got 'Yes'"
"2","Warning: Expecting logical in BE9957 / R9957C57: got 'Yes'"
"2","Warning: Expecting numeric in C9964 / R9964C3: got '866|911'"
"2","Warning: Expecting logical in BE9968 / R9968C57: got 'Yes'"
"2","Warning: Expecting logical in BE9969 / R9969C57: got 'Yes'"
"2","Warning: Expecting logical in BE9987 / R9987C57: got 'Yes'"
"2","Warning: Expecting numeric in C9991 / R9991C3: got '2181|620'"
"2","Warning: Expecting logical in BE10001 / R10001C57: got 'Yes'"
"2","Warning: Expecting logical in CF10016 / R10016C84: got 'Yes'"
"2","Warning: Expecting logical in BE10034 / R10034C57: got 'Yes'"
"2","Warning: Expecting logical in CF10053 / R10053C84: got 'Yes'"
"2","Warning: Expecting logical in BE10055 / R10055C57: got 'Yes'"
"2","Warning: Expecting numeric in C10075 / R10075C3: got '669|943'"
"2","Warning: Expecting logical in BE10080 / R10080C57: got 'Yes'"
"2","Warning: Expecting logical in CF10091 / R10091C84: got 'Yes'"
"2","Warning: Expecting logical in BE10092 / R10092C57: got 'Yes'"
"2","Warning: Expecting logical in BE10093 / R10093C57: got 'Yes'"
"2","Warning: Expecting logical in CO10114 / R10114C93: got 'Yes'"
"2","Warning: Expecting logical in CF10117 / R10117C84: got 'Yes'"
"2","Warning: Expecting logical in BE10123 / R10123C57: got 'Yes'"
"2","Warning: Expecting logical in CF10129 / R10129C84: got 'Yes'"
"2","Warning: Expecting logical in CK10130 / R10130C89: got 'Yes'"
"2","Warning: Expecting logical in BE10132 / R10132C57: got 'Yes'"
"2","Warning: Expecting logical in BE10134 / R10134C57: got 'Yes'"
"2","Warning: Expecting logical in CO10138 / R10138C93: got 'Yes'"
"2","Warning: Expecting logical in BE10149 / R10149C57: got 'Yes'"
"2","Warning: Expecting logical in BE10164 / R10164C57: got 'Yes'"
"2","Warning: Expecting logical in CF10165 / R10165C84: got 'Yes'"
"2","Warning: Expecting numeric in C10184 / R10184C3: got '839|2452'"
"2","Warning: Expecting logical in BE10189 / R10189C57: got 'Yes'"
"2","Warning: Expecting logical in BE10197 / R10197C57: got 'Yes'"
"2","Warning: Expecting logical in BE10222 / R10222C57: got 'Yes'"
"2","Warning: Expecting logical in BE10229 / R10229C57: got 'Yes'"
"2","Warning: Expecting logical in CL10230 / R10230C90: got 'Yes'"
"2","Warning: Expecting logical in CF10232 / R10232C84: got 'Yes'"
"2","Warning: Expecting logical in BE10237 / R10237C57: got 'Yes'"
"2","Warning: Expecting logical in BE10246 / R10246C57: got 'Yes'"
"2","Warning: Expecting logical in BE10252 / R10252C57: got 'Yes'"
"2","Warning: Expecting logical in BE10260 / R10260C57: got 'Yes'"
"2","Warning: Expecting logical in CO10264 / R10264C93: got 'Yes'"
"2","Warning: Expecting logical in BE10285 / R10285C57: got 'Yes'"
"2","Warning: Expecting logical in BE10297 / R10297C57: got 'Yes'"
"2","Warning: Expecting logical in BE10301 / R10301C57: got 'Yes'"
"2","Warning: Expecting logical in BE10325 / R10325C57: got 'Yes'"
"2","Warning: Expecting logical in BE10332 / R10332C57: got 'Yes'"
"2","Warning: Expecting logical in BE10333 / R10333C57: got 'Yes'"
"2","Warning: Expecting numeric in C10402 / R10402C3: got '2181|620'"
"2","Warning: Expecting logical in BE10411 / R10411C57: got 'Yes'"
"2","Warning: Expecting numeric in C10437 / R10437C3: got '655|968'"
"2","Warning: Expecting logical in BE10452 / R10452C57: got 'Yes'"
"2","Warning: Expecting logical in CF10455 / R10455C84: got 'Yes'"
"2","Warning: Expecting logical in BE10472 / R10472C57: got 'Yes'"
"2","Warning: Expecting logical in CK10472 / R10472C89: got 'Yes'"
"2","Warning: Expecting logical in BE10483 / R10483C57: got 'Yes'"
"2","Warning: Expecting logical in BE10502 / R10502C57: got 'Yes'"
"2","Warning: Expecting logical in BE10520 / R10520C57: got 'Yes'"
"2","Warning: Expecting logical in CF10521 / R10521C84: got 'Yes'"
"2","Warning: Expecting logical in BE10522 / R10522C57: got 'Yes'"
"2","Warning: Expecting numeric in C10586 / R10586C3: got '708|1146'"
"2","Warning: Expecting numeric in C10588 / R10588C3: got '708|1146'"
"2","Warning: Expecting numeric in C10589 / R10589C3: got '708|1146'"
"2","Warning: Expecting numeric in C10590 / R10590C3: got '708|1146'"
"2","Warning: Expecting numeric in C10593 / R10593C3: got '94|964'"
"2","Warning: Expecting logical in BE10593 / R10593C57: got 'Yes'"
"2","Warning: Expecting logical in BE10595 / R10595C57: got 'Yes'"
"2","Warning: Expecting logical in BE10629 / R10629C57: got 'Yes'"
"2","Warning: Expecting logical in BE10630 / R10630C57: got 'Yes'"
"2","Warning: Expecting logical in BE10639 / R10639C57: got 'Yes'"
"2","Warning: Expecting logical in BE10649 / R10649C57: got 'Yes'"
"2","Warning: Expecting logical in BE10659 / R10659C57: got 'Yes'"
"2","Warning: Expecting logical in BE10662 / R10662C57: got 'Yes'"
"2","Warning: Expecting numeric in C10665 / R10665C3: got '797|812|807'"
"2","Warning: Expecting logical in BE10688 / R10688C57: got 'Yes'"
"2","Warning: Expecting logical in BE10705 / R10705C57: got 'Yes'"
"2","Warning: Expecting logical in BE10710 / R10710C57: got 'Yes'"
"2","Warning: Expecting logical in BE10714 / R10714C57: got 'Yes'"
"2","Warning: Expecting logical in BE10715 / R10715C57: got 'Yes'"
"2","Warning: Expecting logical in BE10720 / R10720C57: got 'Yes'"
"2","Warning: Expecting logical in BE10728 / R10728C57: got 'Yes'"
"2","Warning: Expecting logical in BE10729 / R10729C57: got 'Yes'"
"2","Warning: Expecting numeric in C10733 / R10733C3: got '714|1264'"
"2","Warning: Expecting logical in BE10733 / R10733C57: got 'Yes'"
"2","Warning: Expecting logical in BE10746 / R10746C57: got 'Yes'"
"2","Warning: Expecting logical in CF10761 / R10761C84: got 'Yes'"
"2","Warning: Expecting logical in BE10786 / R10786C57: got 'Yes'"
"2","Warning: Expecting logical in BE10792 / R10792C57: got 'Yes'"
"2","Warning: Expecting logical in CF10807 / R10807C84: got 'Yes'"
"2","Warning: Expecting logical in CF10811 / R10811C84: got 'Yes'"
"2","Warning: Expecting logical in CF10812 / R10812C84: got 'Yes'"
"2","Warning: Expecting logical in CF10831 / R10831C84: got 'Yes'"
"2","Warning: Expecting logical in BE10847 / R10847C57: got 'Yes'"
"2","Warning: Expecting logical in CF10875 / R10875C84: got 'Yes'"
"2","Warning: Expecting logical in BE10884 / R10884C57: got 'Yes'"
"2","Warning: Expecting numeric in C10931 / R10931C3: got '842|1229'"
"2","Warning: Expecting logical in BE10948 / R10948C57: got 'Yes'"
"2","Warning: Expecting logical in CL10963 / R10963C90: got 'Yes'"
"2","Warning: Expecting numeric in C10964 / R10964C3: got '597|2746'"
"2","Warning: Expecting logical in BE10970 / R10970C57: got 'Yes'"
"2","Warning: Expecting logical in BE10992 / R10992C57: got 'Yes'"
"2","Warning: Expecting logical in BE11004 / R11004C57: got 'Yes'"
"2","Warning: Expecting numeric in C11026 / R11026C3: got '797|812'"
"2","Warning: Expecting logical in BE11027 / R11027C57: got 'Yes'"
"2","Warning: Expecting logical in CF11038 / R11038C84: got 'Yes'"
"2","Warning: Expecting logical in CL11045 / R11045C90: got 'Yes'"
"2","Warning: Expecting logical in BE11052 / R11052C57: got 'Yes'"
"2","Warning: Expecting logical in BE11053 / R11053C57: got 'Yes'"
"2","Warning: Expecting logical in CL11056 / R11056C90: got 'Yes'"
"2","Warning: Expecting logical in BE11066 / R11066C57: got 'Yes'"
"2","Warning: Expecting numeric in C11070 / R11070C3: got '668|921'"
"2","Warning: Expecting logical in CK11087 / R11087C89: got 'Yes'"
"2","Warning: Expecting logical in BE11088 / R11088C57: got 'Yes'"
"2","Warning: Expecting logical in BE11089 / R11089C57: got 'Yes'"
"2","Warning: Expecting logical in BE11090 / R11090C57: got 'Yes'"
"2","Warning: Expecting logical in CK11095 / R11095C89: got 'Yes'"
"2","Warning: Expecting logical in CO11105 / R11105C93: got 'Yes'"
"2","Warning: Expecting logical in BE11106 / R11106C57: got 'Yes'"
"2","Warning: Expecting logical in BE11126 / R11126C57: got 'Yes'"
"2","Warning: Expecting logical in CF11129 / R11129C84: got 'Yes'"
"2","Warning: Expecting logical in BE11134 / R11134C57: got 'Yes'"
"2","Warning: Expecting logical in CF11142 / R11142C84: got 'Yes'"
"2","Warning: Expecting logical in BE11148 / R11148C57: got 'Yes'"
"2","Warning: Expecting logical in CF11170 / R11170C84: got 'Yes'"
"2","Warning: Expecting logical in BE11174 / R11174C57: got 'Yes'"
"2","Warning: Expecting numeric in C11179 / R11179C3: got '451|819'"
"2","Warning: Expecting numeric in C11182 / R11182C3: got '1830|819'"
"2","Warning: Expecting numeric in C11183 / R11183C3: got '1830|819'"
"2","Warning: Expecting numeric in C11186 / R11186C3: got '1122|819'"
"2","Warning: Expecting numeric in C11191 / R11191C3: got '797|812|819'"
"2","Warning: Expecting numeric in C11192 / R11192C3: got '451|819'"
"2","Warning: Expecting logical in CF11204 / R11204C84: got 'Yes'"
"2","Warning: Expecting numeric in C11208 / R11208C3: got '409|2594'"
"2","Warning: Expecting logical in BE11212 / R11212C57: got 'Yes'"
"2","Warning: Expecting logical in CF11241 / R11241C84: got 'Yes'"
"2","Warning: Expecting logical in BE11245 / R11245C57: got 'Yes'"
"2","Warning: Expecting logical in CF11247 / R11247C84: got 'Yes'"
"2","Warning: Expecting logical in CL11253 / R11253C90: got 'Yes'"
"2","Warning: Expecting logical in CL11254 / R11254C90: got 'Yes'"
"2","Warning: Expecting logical in BE11257 / R11257C57: got 'Yes'"
"2","Warning: Expecting logical in CL11272 / R11272C90: got 'Yes'"
"2","Warning: Expecting logical in BE11273 / R11273C57: got 'Yes'"
"2","Warning: Expecting numeric in C11276 / R11276C3: got '727|1972'"
"2","Warning: Expecting logical in BE11277 / R11277C57: got 'Yes'"
"2","Warning: Expecting logical in CO11283 / R11283C93: got 'Yes'"
"2","Warning: Expecting logical in BE11290 / R11290C57: got 'Yes'"
"2","Warning: Expecting numeric in C11294 / R11294C3: got '420|898'"
"2","Warning: Expecting logical in BE11303 / R11303C57: got 'Yes'"
"2","Warning: Expecting logical in CK11304 / R11304C89: got 'Yes'"
"2","Warning: Expecting logical in BE11312 / R11312C57: got 'Yes'"
"2","Warning: Expecting logical in CO11313 / R11313C93: got 'Yes'"
"2","Warning: Expecting logical in CO11314 / R11314C93: got 'Yes'"
"2","Warning: Expecting logical in CO11327 / R11327C93: got 'Yes'"
"2","Warning: Expecting logical in BE11331 / R11331C57: got 'Yes'"
"2","Warning: Expecting logical in BE11339 / R11339C57: got 'Yes'"
"2","Warning: Expecting logical in BE11341 / R11341C57: got 'Yes'"
"2","Warning: Expecting logical in BE11345 / R11345C57: got 'Yes'"
"2","Warning: Expecting logical in BE11379 / R11379C57: got 'Yes'"
"2","Warning: Expecting logical in BE11383 / R11383C57: got 'Yes'"
"2","Warning: Expecting numeric in C11391 / R11391C3: got '429|1080'"
"2","Warning: Expecting logical in BE11408 / R11408C57: got 'Yes'"
"2","Warning: Expecting logical in BE11424 / R11424C57: got 'Yes'"
"2","Warning: Expecting logical in CL11449 / R11449C90: got 'Yes'"
"2","Warning: Expecting logical in BE11455 / R11455C57: got 'Yes'"
"2","Warning: Expecting numeric in C11457 / R11457C3: got '2163|620'"
"2","Warning: Expecting numeric in C11475 / R11475C3: got '797|812'"
"2","Warning: Expecting logical in BE11485 / R11485C57: got 'Yes'"
"2","Warning: Expecting logical in BE11489 / R11489C57: got 'Yes'"
"2","Warning: Expecting logical in BE11501 / R11501C57: got 'Yes'"
"2","Warning: Expecting logical in BE11518 / R11518C57: got 'Yes'"
"2","Warning: Expecting logical in BE11519 / R11519C57: got 'Yes'"
"2","Warning: Expecting logical in BE11520 / R11520C57: got 'Yes'"
"2","Warning: Expecting logical in CF11521 / R11521C84: got 'Yes'"
"2","Warning: Expecting logical in BE11524 / R11524C57: got 'Yes'"
"2","Warning: Expecting logical in CF11531 / R11531C84: got 'Yes'"
"2","Warning: Expecting logical in CF11533 / R11533C84: got 'Yes'"
"2","Warning: Expecting logical in BE11542 / R11542C57: got 'Yes'"
"2","Warning: Expecting logical in BE11551 / R11551C57: got 'Yes'"
"2","Warning: Expecting numeric in C11559 / R11559C3: got '559|986'"
"2","Warning: Expecting logical in BE11563 / R11563C57: got 'Yes'"
"2","Warning: Expecting logical in BE11565 / R11565C57: got 'Yes'"
"2","Warning: Expecting logical in BE11574 / R11574C57: got 'Yes'"
"2","Warning: Expecting logical in BE11579 / R11579C57: got 'Yes'"
"2","Warning: Expecting logical in BE11583 / R11583C57: got 'Yes'"
"2","Warning: Expecting logical in BE11586 / R11586C57: got 'Yes'"
"2","Warning: Expecting logical in BE11594 / R11594C57: got 'Yes'"
"2","Warning: Expecting logical in BE11606 / R11606C57: got 'Yes'"
"2","Warning: Expecting logical in BE11620 / R11620C57: got 'Yes'"
"2","Warning: Expecting logical in BE11636 / R11636C57: got 'Yes'"
"2","Warning: Expecting logical in BE11644 / R11644C57: got 'Yes'"
"2","Warning: Expecting logical in BE11645 / R11645C57: got 'Yes'"
"2","Warning: Expecting logical in BE11665 / R11665C57: got 'Yes'"
"2","Warning: Expecting logical in BE11667 / R11667C57: got 'Yes'"
"2","Warning: Expecting numeric in C11673 / R11673C3: got '926|94'"
"2","Warning: Expecting logical in BE11673 / R11673C57: got 'Yes'"
"2","Warning: Expecting logical in CF11695 / R11695C84: got 'Yes'"
"2","Warning: Expecting logical in CF11704 / R11704C84: got 'Yes'"
"2","Warning: Expecting logical in BE11727 / R11727C57: got 'Yes'"
"2","Warning: Expecting logical in BE11728 / R11728C57: got 'Yes'"
"2","Warning: Expecting logical in BE11731 / R11731C57: got 'Yes'"
"2","Warning: Expecting numeric in C11745 / R11745C3: got '830|957'"
"2","Warning: Expecting numeric in C11752 / R11752C3: got '672|772'"
"2","Warning: Expecting numeric in C11755 / R11755C3: got '672|772'"
"2","Warning: Expecting logical in CK11787 / R11787C89: got 'Yes'"
"2","Warning: Expecting numeric in C11803 / R11803C3: got '762|2762'"
"2","Warning: Expecting logical in BE11803 / R11803C57: got 'Yes'"
"2","Warning: Expecting logical in CF11810 / R11810C84: got 'Yes'"
"2","Warning: Expecting logical in BE11811 / R11811C57: got 'Yes'"
"2","Warning: Expecting logical in CF11813 / R11813C84: got 'Yes'"
"2","Warning: Expecting logical in CF11821 / R11821C84: got 'Yes'"
"2","Warning: Expecting logical in BE11823 / R11823C57: got 'Yes'"
"2","Warning: Expecting logical in CF11827 / R11827C84: got 'Yes'"
"2","Warning: Expecting logical in BE11833 / R11833C57: got 'Yes'"
"2","Warning: Expecting logical in BE11834 / R11834C57: got 'Yes'"
"2","Warning: Expecting logical in BE11835 / R11835C57: got 'Yes'"
"2","Warning: Expecting logical in BE11836 / R11836C57: got 'Yes'"
"2","Warning: Expecting logical in CF11849 / R11849C84: got 'Yes'"
"2","Warning: Expecting logical in BE11852 / R11852C57: got 'Yes'"
"2","Warning: Expecting logical in CF11860 / R11860C84: got 'Yes'"
"2","Warning: Expecting logical in BE11865 / R11865C57: got 'Yes'"
"2","Warning: Expecting logical in BE11878 / R11878C57: got 'Yes'"
"2","Warning: Expecting logical in CF11881 / R11881C84: got 'Yes'"
"2","Warning: Expecting logical in BE11882 / R11882C57: got 'Yes'"
"2","Warning: Expecting logical in BE11885 / R11885C57: got 'Yes'"
"2","Warning: Expecting logical in CF11888 / R11888C84: got 'Yes'"
"2","Warning: Expecting logical in CF11889 / R11889C84: got 'Yes'"
"2","Warning: Expecting logical in BE11891 / R11891C57: got 'Yes'"
"2","Warning: Expecting logical in BE11892 / R11892C57: got 'Yes'"
"2","Warning: Expecting logical in BE11895 / R11895C57: got 'Yes'"
"2","Warning: Expecting logical in BE11896 / R11896C57: got 'Yes'"
"2","Warning: Expecting logical in BE11898 / R11898C57: got 'Yes'"
"2","Warning: Expecting logical in CF11911 / R11911C84: got 'Yes'"
"2","Warning: Expecting logical in BE11924 / R11924C57: got 'Yes'"
"2","Warning: Expecting logical in BE11930 / R11930C57: got 'Yes'"
"2","Warning: Expecting logical in CF11935 / R11935C84: got 'Yes'"
"2","Warning: Expecting logical in BE11939 / R11939C57: got 'Yes'"
"2","Warning: Expecting numeric in C11940 / R11940C3: got '762|763'"
"2","Warning: Expecting logical in CF11960 / R11960C84: got 'Yes'"
"2","Warning: Expecting logical in BE11961 / R11961C57: got 'Yes'"
"2","Warning: Expecting logical in CF11962 / R11962C84: got 'Yes'"
"2","Warning: Expecting numeric in C11966 / R11966C3: got '762|763'"
"2","Warning: Expecting logical in BE11983 / R11983C57: got 'Yes'"
"2","Warning: Expecting logical in BE11994 / R11994C57: got 'Yes'"
"2","Warning: Expecting logical in BE12000 / R12000C57: got 'Yes'"
"2","Warning: Expecting logical in BE12001 / R12001C57: got 'Yes'"
"2","Warning: Expecting logical in BE12003 / R12003C57: got 'Yes'"
"2","Warning: Expecting logical in BE12008 / R12008C57: got 'Yes'"
"2","Warning: Expecting logical in BE12022 / R12022C57: got 'Yes'"
"2","Warning: Expecting logical in BE12027 / R12027C57: got 'Yes'"
"2","Warning: Expecting logical in BE12042 / R12042C57: got 'Yes'"
"2","Warning: Expecting logical in BE12048 / R12048C57: got 'Yes'"
"2","Warning: Expecting logical in BE12049 / R12049C57: got 'Yes'"
"2","Warning: Expecting numeric in C12051 / R12051C3: got '784|928|963'"
"2","Warning: Expecting logical in BE12059 / R12059C57: got 'Yes'"
"2","Warning: Expecting logical in BE12066 / R12066C57: got 'Yes'"
"2","Warning: Expecting logical in BE12067 / R12067C57: got 'Yes'"
"2","Warning: Expecting logical in CF12081 / R12081C84: got 'Yes'"
"2","Warning: Expecting logical in BE12083 / R12083C57: got 'Yes'"
"2","Warning: Expecting logical in BE12084 / R12084C57: got 'Yes'"
"2","Warning: Expecting logical in BE12087 / R12087C57: got 'Yes'"
"2","Warning: Expecting logical in BE12088 / R12088C57: got 'Yes'"
"2","Warning: Expecting logical in BE12089 / R12089C57: got 'Yes'"
"2","Warning: Expecting logical in BE12103 / R12103C57: got 'Yes'"
"2","Warning: Expecting logical in BE12108 / R12108C57: got 'Yes'"
"2","Warning: Expecting logical in BE12110 / R12110C57: got 'Yes'"
"2","Warning: Expecting logical in BE12115 / R12115C57: got 'Yes'"
"2","Warning: Expecting logical in CL12117 / R12117C90: got 'Yes'"
"2","Warning: Expecting logical in BE12126 / R12126C57: got 'Yes'"
"2","Warning: Expecting logical in CO12136 / R12136C93: got 'Yes'"
"2","Warning: Expecting logical in CO12137 / R12137C93: got 'Yes'"
"2","Warning: Expecting logical in CF12177 / R12177C84: got 'Yes'"
"2","Warning: Expecting logical in BE12181 / R12181C57: got 'Yes'"
"2","Warning: Expecting logical in CL12181 / R12181C90: got 'Yes'"
"2","Warning: Expecting logical in BE12185 / R12185C57: got 'Yes'"
"2","Warning: Expecting logical in CL12185 / R12185C90: got 'Yes'"
"2","Warning: Expecting logical in BE12186 / R12186C57: got 'Yes'"
"2","Warning: Expecting logical in CF12197 / R12197C84: got 'Yes'"
"2","Warning: Expecting logical in CK12198 / R12198C89: got 'Yes'"
"2","Warning: Expecting logical in BE12201 / R12201C57: got 'Yes'"
"2","Warning: Expecting logical in CK12205 / R12205C89: got 'Yes'"
"2","Warning: Expecting logical in BE12207 / R12207C57: got 'Yes'"
"2","Warning: Expecting logical in BE12209 / R12209C57: got 'Yes'"
"2","Warning: Expecting logical in BE12210 / R12210C57: got 'Yes'"
"2","Warning: Expecting logical in BE12222 / R12222C57: got 'Yes'"
"2","Warning: Expecting logical in BE12223 / R12223C57: got 'Yes'"
"2","Warning: Expecting logical in BE12243 / R12243C57: got 'Yes'"
"2","Warning: Expecting logical in BE12246 / R12246C57: got 'Yes'"
"2","Warning: Expecting logical in CF12254 / R12254C84: got 'Yes'"
"2","Warning: Expecting logical in CL12271 / R12271C90: got 'Yes'"
"2","Warning: Expecting logical in CL12272 / R12272C90: got 'Yes'"
"2","Warning: Expecting logical in CF12274 / R12274C84: got 'Yes'"
"2","Warning: Expecting logical in CF12277 / R12277C84: got 'Yes'"
"2","Warning: Expecting numeric in C12278 / R12278C3: got '471|922|983'"
"2","Warning: Expecting logical in BE12279 / R12279C57: got 'Yes'"
"2","Warning: Expecting logical in BE12282 / R12282C57: got 'Yes'"
"2","Warning: Expecting logical in BE12286 / R12286C57: got 'Yes'"
"2","Warning: Expecting logical in CL12291 / R12291C90: got 'Yes'"
"2","Warning: Expecting logical in BE12311 / R12311C57: got 'Yes'"
"2","Warning: Expecting logical in BE12320 / R12320C57: got 'Yes'"
"2","Warning: Expecting numeric in C12324 / R12324C3: got '839|2452'"
"2","Warning: Expecting logical in BE12331 / R12331C57: got 'Yes'"
"2","Warning: Expecting logical in BE12333 / R12333C57: got 'Yes'"
"2","Warning: Expecting logical in BE12334 / R12334C57: got 'Yes'"
"2","Warning: Expecting logical in BE12338 / R12338C57: got 'Yes'"
"2","Warning: Expecting logical in BE12351 / R12351C57: got 'Yes'"
"2","Warning: Expecting logical in CK12353 / R12353C89: got 'Yes'"
"2","Warning: Expecting logical in BE12362 / R12362C57: got 'Yes'"
"2","Warning: Expecting logical in BE12372 / R12372C57: got 'Yes'"
"2","Warning: Expecting logical in CL12372 / R12372C90: got 'Yes'"
"2","Warning: Expecting numeric in C12414 / R12414C3: got '429|1253'"
"2","Warning: Expecting logical in BE12415 / R12415C57: got 'Yes'"
"2","Warning: Expecting logical in BE12420 / R12420C57: got 'Yes'"
"2","Warning: Expecting logical in BE12450 / R12450C57: got 'Yes'"
"2","Warning: Expecting logical in CL12450 / R12450C90: got 'Yes'"
"2","Warning: Expecting logical in BE12469 / R12469C57: got 'Yes'"
"2","Warning: Expecting logical in BE12482 / R12482C57: got 'Yes'"
"2","Warning: Expecting logical in BE12491 / R12491C57: got 'Yes'"
"2","Warning: Expecting logical in BE12494 / R12494C57: got 'Yes'"
"2","Warning: Expecting numeric in C12500 / R12500C3: got '523|919|953'"
"2","Warning: Expecting logical in BE12531 / R12531C57: got 'Yes'"
"2","Warning: Expecting logical in BE12533 / R12533C57: got 'Yes'"
"2","Warning: Expecting logical in BE12536 / R12536C57: got 'Yes'"
"2","Warning: Expecting logical in BE12537 / R12537C57: got 'Yes'"
"2","Warning: Expecting logical in BE12538 / R12538C57: got 'Yes'"
"2","Warning: Expecting logical in BE12542 / R12542C57: got 'Yes'"
"2","Warning: Expecting logical in CF12543 / R12543C84: got 'Yes'"
"2","Warning: Expecting logical in CF12560 / R12560C84: got 'Yes'"
"2","Warning: Expecting logical in CF12561 / R12561C84: got 'Yes'"
"2","Warning: Expecting logical in CF12567 / R12567C84: got 'Yes'"
"2","Warning: Expecting logical in BE12570 / R12570C57: got 'Yes'"
"2","Warning: Expecting numeric in C12577 / R12577C3: got '869|1982'"
"2","Warning: Expecting logical in CF12587 / R12587C84: got 'Yes'"
"2","Warning: Expecting logical in CF12596 / R12596C84: got 'Yes'"
"2","Warning: Expecting logical in CL12611 / R12611C90: got 'Yes'"
"2","Warning: Expecting logical in BE12631 / R12631C57: got 'Yes'"
"2","Warning: Expecting logical in BE12634 / R12634C57: got 'Yes'"
"2","Warning: Expecting logical in BE12645 / R12645C57: got 'Yes'"
"2","Warning: Expecting numeric in C12654 / R12654C3: got '771|934'"
"2","Warning: Expecting logical in BE12658 / R12658C57: got 'Yes'"
"2","Warning: Expecting logical in CK12659 / R12659C89: got 'Yes'"
"2","Warning: Expecting logical in BE12662 / R12662C57: got 'Yes'"
"2","Warning: Expecting logical in BE12667 / R12667C57: got 'Yes'"
"2","Warning: Expecting numeric in C12671 / R12671C3: got '926|94'"
"2","Warning: Expecting logical in BE12671 / R12671C57: got 'Yes'"
"2","Warning: Expecting logical in BE12681 / R12681C57: got 'Yes'"
"2","Warning: Expecting logical in CF12684 / R12684C84: got 'Yes'"
"2","Warning: Expecting logical in CF12687 / R12687C84: got 'Yes'"
"2","Warning: Expecting logical in CF12703 / R12703C84: got 'Yes'"
"2","Warning: Expecting logical in CF12706 / R12706C84: got 'Yes'"
"2","Warning: Expecting logical in BE12707 / R12707C57: got 'Yes'"
"2","Warning: Expecting logical in BE12714 / R12714C57: got 'Yes'"
"2","Warning: Expecting numeric in C12732 / R12732C3: got '861|1330'"
"2","Warning: Expecting logical in BE12736 / R12736C57: got 'Yes'"
"2","Warning: Expecting logical in BE12754 / R12754C57: got 'Yes'"
"2","Warning: Expecting logical in BE12756 / R12756C57: got 'Yes'"
"2","Warning: Expecting logical in BE12760 / R12760C57: got 'Yes'"
"2","Warning: Expecting logical in CK12763 / R12763C89: got 'Yes'"
"2","Warning: Expecting logical in BE12768 / R12768C57: got 'Yes'"
"2","Warning: Expecting logical in BE12787 / R12787C57: got 'Yes'"
"2","Warning: Expecting logical in CF12807 / R12807C84: got 'Yes'"
"2","Warning: Expecting logical in CF12812 / R12812C84: got 'Yes'"
"2","Warning: Expecting logical in BE12820 / R12820C57: got 'Yes'"
"2","Warning: Expecting logical in BE12821 / R12821C57: got 'Yes'"
"2","Warning: Expecting logical in BE12822 / R12822C57: got 'Yes'"
"2","Warning: Expecting logical in BE12823 / R12823C57: got 'Yes'"
"2","Warning: Expecting logical in BE12824 / R12824C57: got 'Yes'"
"2","Warning: Expecting logical in BE12825 / R12825C57: got 'Yes'"
"2","Warning: Expecting logical in BE12826 / R12826C57: got 'Yes'"
"2","Warning: Expecting logical in BE12828 / R12828C57: got 'Yes'"
"2","Warning: Expecting logical in BE12830 / R12830C57: got 'Yes'"
"2","Warning: Expecting logical in CL12836 / R12836C90: got 'Yes'"
"2","Warning: Expecting logical in BE12837 / R12837C57: got 'Yes'"
"2","Warning: Expecting logical in BE12840 / R12840C57: got 'Yes'"
"2","Warning: Expecting logical in BE12843 / R12843C57: got 'Yes'"
"2","Warning: Expecting logical in CK12846 / R12846C89: got 'Yes'"
"2","Warning: Expecting logical in BE12848 / R12848C57: got 'Yes'"
"2","Warning: Expecting logical in CF12849 / R12849C84: got 'Yes'"
"2","Warning: Expecting logical in CF12852 / R12852C84: got 'Yes'"
"2","Warning: Expecting logical in CF12853 / R12853C84: got 'Yes'"
"2","Warning: Expecting logical in CL12855 / R12855C90: got 'Yes'"
"2","Warning: Expecting logical in BE12858 / R12858C57: got 'Yes'"
"2","Warning: Expecting logical in BE12864 / R12864C57: got 'Yes'"
"2","Warning: Expecting logical in BE12866 / R12866C57: got 'Yes'"
"2","Warning: Expecting logical in CF12871 / R12871C84: got 'Yes'"
"2","Warning: Expecting logical in BE12881 / R12881C57: got 'Yes'"
"2","Warning: Expecting logical in BE12882 / R12882C57: got 'Yes'"
"2","Warning: Expecting logical in BE12885 / R12885C57: got 'Yes'"
"2","Warning: Expecting logical in BE12895 / R12895C57: got 'Yes'"
"2","Warning: Expecting numeric in C12896 / R12896C3: got '874|620'"
"2","Warning: Expecting logical in CF12907 / R12907C84: got 'Yes'"
"2","Warning: Expecting logical in BE12919 / R12919C57: got 'Yes'"
"2","Warning: Expecting logical in BE12932 / R12932C57: got 'Yes'"
"2","Warning: Expecting logical in BE12946 / R12946C57: got 'Yes'"
"2","Warning: Expecting logical in BE12964 / R12964C57: got 'Yes'"
"2","Warning: Expecting logical in CF12969 / R12969C84: got 'Yes'"
"2","Warning: Expecting logical in CF12970 / R12970C84: got 'Yes'"
"2","Warning: Expecting logical in CF13013 / R13013C84: got 'Yes'"
"2","Warning: Expecting numeric in C13031 / R13031C3: got '917|434'"
"2","Warning: Expecting numeric in C13034 / R13034C3: got '917|958|434'"
"2","Warning: Expecting logical in BE13053 / R13053C57: got 'Yes'"
"2","Warning: Expecting logical in CF13067 / R13067C84: got 'Yes'"
"2","Warning: Expecting logical in CF13070 / R13070C84: got 'Yes'"
"2","Warning: Expecting logical in BE13095 / R13095C57: got 'Yes'"
"2","Warning: Expecting logical in BE13133 / R13133C57: got 'Yes'"
"2","Warning: Expecting logical in BE13134 / R13134C57: got 'Yes'"
"2","Warning: Expecting logical in BE13143 / R13143C57: got 'Yes'"
"2","Warning: Expecting logical in CL13152 / R13152C90: got 'Yes'"
"2","Warning: Expecting logical in CK13162 / R13162C89: got 'Yes'"
"2","Warning: Expecting logical in BE13191 / R13191C57: got 'Yes'"
"2","Warning: Expecting logical in CF13226 / R13226C84: got 'Yes'"
"2","Warning: Expecting logical in CF13249 / R13249C84: got 'Yes'"
"2","Warning: Expecting logical in CL13280 / R13280C90: got 'Yes'"
"2","Warning: Expecting logical in BE13282 / R13282C57: got 'Yes'"
"2","Warning: Expecting logical in BE13333 / R13333C57: got 'Yes'"
"2","Warning: Expecting logical in CF13335 / R13335C84: got 'Yes'"
"2","Warning: Expecting logical in BE13361 / R13361C57: got 'Yes'"
"2","Warning: Expecting logical in BE13365 / R13365C57: got 'Yes'"
"2","Warning: Expecting logical in CL13433 / R13433C90: got 'Yes'"
"2","Warning: Expecting logical in CF13446 / R13446C84: got 'Yes'"
"2","Warning: Expecting logical in CF13456 / R13456C84: got 'Yes'"
"2","Warning: Expecting logical in BE13458 / R13458C57: got 'Yes'"
"2","Warning: Expecting numeric in C13483 / R13483C3: got '466|896'"
"2","Warning: Expecting numeric in C13487 / R13487C3: got '563|896'"
"2","Warning: Expecting numeric in C13488 / R13488C3: got '896|455'"
"2","Warning: Expecting logical in BE13523 / R13523C57: got 'Yes'"
"2","Warning: Expecting logical in BE13525 / R13525C57: got 'Yes'"
"2","Warning: Expecting numeric in C13529 / R13529C3: got '476|616'"
"2","Warning: Expecting logical in BE13540 / R13540C57: got 'Yes'"
"2","Warning: Expecting logical in CF13584 / R13584C84: got 'Yes'"
"2","Warning: Expecting logical in CF13609 / R13609C84: got 'Yes'"
"2","Warning: Expecting numeric in C13640 / R13640C3: got '926|94'"
"2","Warning: Expecting logical in BE13640 / R13640C57: got 'Yes'"
"2","Warning: Expecting logical in CF13653 / R13653C84: got 'Yes'"
"2","Warning: Expecting logical in CF13658 / R13658C84: got 'Yes'"
"2","Warning: Expecting numeric in C13745 / R13745C3: got '762|2762'"
"2","Warning: Expecting logical in BE13745 / R13745C57: got 'Yes'"
"2","Warning: Expecting logical in CF13746 / R13746C84: got 'Yes'"
"2","Warning: Expecting logical in CF13747 / R13747C84: got 'Yes'"
"2","Warning: Expecting logical in CF13762 / R13762C84: got 'Yes'"
"2","Warning: Expecting logical in CF13766 / R13766C84: got 'Yes'"
"2","Warning: Expecting logical in CL13784 / R13784C90: got 'Yes'"
"2","Warning: Expecting logical in CO13785 / R13785C93: got 'Yes'"
"2","Warning: Expecting logical in CF13795 / R13795C84: got 'Yes'"
"2","Warning: Expecting logical in BE13826 / R13826C57: got 'Yes'"
"2","Warning: Expecting logical in BE13829 / R13829C57: got 'Yes'"
"2","Warning: Expecting logical in CF13831 / R13831C84: got 'Yes'"
"2","Warning: Expecting logical in CF13841 / R13841C84: got 'Yes'"
"2","Warning: Expecting logical in CF13846 / R13846C84: got 'Yes'"
"2","Warning: Expecting logical in CF13887 / R13887C84: got 'Yes'"
"2","Warning: Expecting numeric in C13945 / R13945C3: got '917|434'"
"2","Warning: Expecting numeric in C13952 / R13952C3: got '917|434'"
"2","Warning: Expecting logical in CF13979 / R13979C84: got 'Yes'"
"2","Warning: Expecting numeric in C14014 / R14014C3: got '940|432'"
"2","Warning: Expecting logical in CF14044 / R14044C84: got 'Yes'"
"2","Warning: Expecting logical in CO14092 / R14092C93: got 'Yes'"
"2","Warning: Expecting logical in CO14093 / R14093C93: got 'Yes'"
"2","Warning: Expecting logical in BE14131 / R14131C57: got 'Yes'"
"2","Warning: Expecting logical in CF14140 / R14140C84: got 'Yes'"
"2","Warning: Expecting logical in CF14175 / R14175C84: got 'Yes'"
"2","Warning: Expecting logical in BE14179 / R14179C57: got 'Yes'"
"2","Warning: Expecting logical in CF14214 / R14214C84: got 'Yes'"
"2","Warning: Expecting logical in CL14215 / R14215C90: got 'Yes'"
"2","Warning: Expecting logical in CL14216 / R14216C90: got 'Yes'"
"2","Warning: Expecting logical in CF14226 / R14226C84: got 'Yes'"
"2","Warning: Expecting logical in CF14231 / R14231C84: got 'Yes'"
"2","Warning: Expecting logical in CF14244 / R14244C84: got 'Yes'"
"2","Warning: Expecting logical in CF14246 / R14246C84: got 'Yes'"
"2","Warning: Expecting logical in CF14252 / R14252C84: got 'Yes'"
"2","Warning: Expecting logical in CF14253 / R14253C84: got 'Yes'"
"2","Warning: Expecting logical in BE14297 / R14297C57: got 'Yes'"
"2","Warning: Expecting logical in BE14298 / R14298C57: got 'Yes'"
"2","Warning: Expecting logical in BE14299 / R14299C57: got 'Yes'"
"2","Warning: Expecting numeric in C14386 / R14386C3: got '429|1079'"
"2","Warning: Expecting logical in CF14411 / R14411C84: got 'Yes'"
"2","Warning: Expecting logical in CF14419 / R14419C84: got 'Yes'"
"2","Warning: Expecting numeric in C14440 / R14440C3: got '563|455'"
"2","Warning: Expecting numeric in C14479 / R14479C3: got '848|956'"
"2","Warning: Expecting logical in BE14497 / R14497C57: got 'Yes'"
"2","Warning: Expecting logical in CF14505 / R14505C84: got 'Yes'"
"2","Warning: Expecting logical in CF14522 / R14522C84: got 'Yes'"
"2","Warning: Expecting logical in CF14523 / R14523C84: got 'Yes'"
"2","Warning: Expecting logical in CF14559 / R14559C84: got 'Yes'"
"2","Warning: Expecting logical in CO14566 / R14566C93: got 'Yes'"
"2","Warning: Expecting logical in CF14580 / R14580C84: got 'Yes'"
"2","Warning: Expecting logical in CF14608 / R14608C84: got 'Yes'"
"2","Warning: Expecting logical in BE14614 / R14614C57: got 'Yes'"
"2","Warning: Expecting logical in BE14624 / R14624C57: got 'Yes'"
"2","Warning: Expecting logical in CF14625 / R14625C84: got 'Yes'"
"2","Warning: Expecting logical in CF14627 / R14627C84: got 'Yes'"
"2","Warning: Expecting numeric in C14652 / R14652C3: got '926|94'"
"2","Warning: Expecting logical in BE14652 / R14652C57: got 'Yes'"
"2","Warning: Expecting logical in CF14681 / R14681C84: got 'Yes'"
"2","Warning: Expecting numeric in C14697 / R14697C3: got '714|1264'"
"2","Warning: Expecting numeric in C14699 / R14699C3: got '714|1264'"
"2","Warning: Expecting logical in BE14699 / R14699C57: got 'Yes'"
"2","Warning: Expecting logical in CF14752 / R14752C84: got 'Yes'"
"2","Warning: Expecting logical in CF14759 / R14759C84: got 'Yes'"
"2","Warning: Expecting logical in CF14802 / R14802C84: got 'Yes'"
"2","Warning: Expecting logical in BE14860 / R14860C57: got 'Yes'"
"2","Warning: Expecting logical in BE14861 / R14861C57: got 'Yes'"
"2","Warning: Expecting logical in CF14864 / R14864C84: got 'Yes'"
"2","Warning: Expecting logical in CL14887 / R14887C90: got 'Yes'"
"2","Warning: Expecting logical in CF14905 / R14905C84: got 'Yes'"
"2","Warning: Expecting logical in CF14906 / R14906C84: got 'Yes'"
"2","Warning: Expecting logical in CF14924 / R14924C84: got 'Yes'"
"2","Warning: Expecting logical in CF14941 / R14941C84: got 'Yes'"
"2","Warning: Expecting logical in CF14982 / R14982C84: got 'Yes'"
"2","Warning: Expecting logical in BE14987 / R14987C57: got 'Yes'"
"2","Warning: Expecting logical in CF14989 / R14989C84: got 'Yes'"
"2","Warning: Expecting logical in BE15009 / R15009C57: got 'Yes'"
"2","Warning: Expecting logical in BE15010 / R15010C57: got 'Yes'"
"2","Warning: Expecting logical in CF15023 / R15023C84: got 'Yes'"
"2","Warning: Expecting logical in CF15024 / R15024C84: got 'Yes'"
"2","Warning: Expecting logical in BE15030 / R15030C57: got 'Yes'"
"2","Warning: Expecting logical in CF15033 / R15033C84: got 'Yes'"
"2","Warning: Expecting logical in CF15131 / R15131C84: got 'Yes'"
"2","Warning: Expecting logical in BE15136 / R15136C57: got 'Yes'"
"2","Warning: Expecting logical in CF15138 / R15138C84: got 'Yes'"
"2","Warning: Expecting logical in CF15207 / R15207C84: got 'Yes'"
"2","Warning: Expecting logical in CF15252 / R15252C84: got 'Yes'"
"2","Warning: Expecting numeric in C15263 / R15263C3: got '839|2452'"
"2","Warning: Expecting logical in BE15264 / R15264C57: got 'Yes'"
"2","Warning: Expecting logical in BE15267 / R15267C57: got 'Yes'"
"2","Warning: Expecting logical in BE15273 / R15273C57: got 'Yes'"
"2","Warning: Expecting logical in BE15274 / R15274C57: got 'Yes'"
"2","Warning: Expecting numeric in C15282 / R15282C3: got '422|644'"
"2","Warning: Expecting logical in BE15314 / R15314C57: got 'Yes'"
"2","Warning: Expecting logical in BE15342 / R15342C57: got 'Yes'"
"2","Warning: Expecting logical in BE15345 / R15345C57: got 'Yes'"
"2","Warning: Expecting logical in CL15359 / R15359C90: got 'Yes'"
"2","Warning: Expecting logical in CF15365 / R15365C84: got 'Yes'"
"2","Warning: Expecting logical in CF15411 / R15411C84: got 'Yes'"
"2","Warning: Expecting logical in BE15442 / R15442C57: got 'Yes'"
"2","Warning: Expecting logical in BE15458 / R15458C57: got 'Yes'"
"2","Warning: Expecting logical in BE15467 / R15467C57: got 'Yes'"
"2","Warning: Expecting logical in BE15468 / R15468C57: got 'Yes'"
"2","Warning: Expecting logical in BE15477 / R15477C57: got 'Yes'"
"2","Warning: Expecting logical in CL15510 / R15510C90: got 'Yes'"
"2","Warning: Expecting logical in CF15518 / R15518C84: got 'Yes'"
"2","Warning: Expecting logical in BE15523 / R15523C57: got 'Yes'"
"2","Warning: Expecting logical in CF15557 / R15557C84: got 'Yes'"
"2","Warning: Expecting logical in BE15572 / R15572C57: got 'Yes'"
"2","Warning: Expecting logical in BE15573 / R15573C57: got 'Yes'"
"2","Warning: Expecting logical in CF15641 / R15641C84: got 'Yes'"
"2","Warning: Expecting logical in BE15658 / R15658C57: got 'Yes'"
"2","Warning: Expecting logical in CF15665 / R15665C84: got 'Yes'"
"2","Warning: Expecting numeric in C15684 / R15684C3: got '762|763|937'"
"2","Warning: Expecting logical in CL15700 / R15700C90: got 'Yes'"
"2","Warning: Expecting logical in CF15706 / R15706C84: got 'Yes'"
"2","Warning: Expecting logical in CF15709 / R15709C84: got 'Yes'"
"2","Warning: Expecting logical in CF15732 / R15732C84: got 'Yes'"
"2","Warning: Expecting logical in CF15757 / R15757C84: got 'Yes'"
"2","Warning: Expecting logical in BE15761 / R15761C57: got 'Yes'"
"2","Warning: Expecting logical in CF15769 / R15769C84: got 'Yes'"
"2","Warning: Expecting logical in CF15782 / R15782C84: got 'Yes'"
"2","Warning: Expecting logical in CF15811 / R15811C84: got 'Yes'"
"2","Warning: Expecting logical in CF15860 / R15860C84: got 'Yes'"
"2","Warning: Expecting numeric in C15864 / R15864C3: got '918|434'"
"2","Warning: Expecting logical in CF15866 / R15866C84: got 'Yes'"
"2","Warning: Expecting numeric in C15875 / R15875C3: got '528|974'"
"2","Warning: Expecting logical in CF15931 / R15931C84: got 'Yes'"
"2","Warning: Expecting logical in CF15934 / R15934C84: got 'Yes'"
"2","Warning: Expecting logical in CF15935 / R15935C84: got 'Yes'"
"2","Warning: Expecting logical in BE15957 / R15957C57: got 'Yes'"
"2","Warning: Expecting logical in BE15978 / R15978C57: got 'Yes'"
"2","Warning: Expecting logical in BE16016 / R16016C57: got 'Yes'"
"2","Warning: Expecting logical in CF16080 / R16080C84: got 'Yes'"
"2","Warning: Expecting logical in CF16086 / R16086C84: got 'Yes'"
"2","Warning: Expecting logical in BE16125 / R16125C57: got 'Yes'"
"2","Warning: Expecting numeric in C16135 / R16135C3: got '839|2452'"
"2","Warning: Expecting logical in BE16137 / R16137C57: got 'Yes'"
"2","Warning: Expecting logical in BE16143 / R16143C57: got 'Yes'"
"2","Warning: Expecting logical in BE16183 / R16183C57: got 'Yes'"
"2","Warning: Expecting logical in BE16193 / R16193C57: got 'Yes'"
"2","Warning: Expecting logical in BE16197 / R16197C57: got 'Yes'"
"2","Warning: Expecting logical in BE16231 / R16231C57: got 'Yes'"
"2","Warning: Expecting logical in CF16241 / R16241C84: got 'Yes'"
"2","Warning: Expecting logical in BE16314 / R16314C57: got 'Yes'"
"2","Warning: Expecting logical in BE16315 / R16315C57: got 'Yes'"
"2","Warning: Expecting logical in BE16316 / R16316C57: got 'Yes'"
"2","Warning: Expecting logical in BE16317 / R16317C57: got 'Yes'"
"2","Warning: Expecting logical in BE16318 / R16318C57: got 'Yes'"
"2","Warning: Expecting logical in BE16319 / R16319C57: got 'Yes'"
"2","Warning: Expecting logical in CF16325 / R16325C84: got 'Yes'"
"2","Warning: Expecting logical in BE16336 / R16336C57: got 'Yes'"
"2","Warning: Expecting logical in CF16340 / R16340C84: got 'Yes'"
"2","Warning: Expecting logical in CF16379 / R16379C84: got 'Yes'"
"2","Warning: Expecting logical in CF16420 / R16420C84: got 'Yes'"
"2","Warning: Expecting logical in CF16428 / R16428C84: got 'Yes'"
"2","Warning: Expecting numeric in C16444 / R16444C3: got '926|94'"
"2","Warning: Expecting logical in BE16444 / R16444C57: got 'Yes'"
"2","Warning: Expecting logical in CF16461 / R16461C84: got 'Yes'"
"2","Warning: Expecting logical in CF16473 / R16473C84: got 'Yes'"
"2","Warning: Expecting logical in CF16484 / R16484C84: got 'Yes'"
"2","Warning: Expecting logical in CF16490 / R16490C84: got 'Yes'"
"2","Warning: Expecting numeric in C16509 / R16509C3: got '541|568'"
"2","Warning: Expecting logical in CF16550 / R16550C84: got 'Yes'"
"2","Warning: Expecting logical in CL16554 / R16554C90: got 'Yes'"
"2","Warning: Expecting logical in CF16557 / R16557C84: got 'Yes'"
"2","Warning: Expecting logical in CF16589 / R16589C84: got 'Yes'"
"2","Warning: Expecting logical in CF16615 / R16615C84: got 'Yes'"
"2","Warning: Expecting logical in CF16640 / R16640C84: got 'Yes'"
"2","Warning: Expecting numeric in C16658 / R16658C3: got '501|517|874|620|1871'"
"2","Warning: Expecting logical in BE16788 / R16788C57: got 'Yes'"
"2","Warning: Expecting logical in BE16798 / R16798C57: got 'Yes'"
"2","Warning: Expecting logical in CF16818 / R16818C84: got 'Yes'"
"2","Warning: Expecting logical in BE16857 / R16857C57: got 'Yes'"
"2","Warning: Expecting logical in CF16882 / R16882C84: got 'Yes'"
"2","Warning: Expecting logical in CF16892 / R16892C84: got 'Yes'"
"2","Warning: Expecting logical in BE16949 / R16949C57: got 'Yes'"
"2","Warning: Expecting logical in CL17016 / R17016C90: got 'Yes'"
"2","Warning: Expecting logical in CF17041 / R17041C84: got 'Yes'"
"2","Warning: Expecting logical in CF17059 / R17059C84: got 'Yes'"
"2","Warning: Expecting numeric in C17073 / R17073C3: got '649|1142'"
"2","Warning: Expecting logical in BE17081 / R17081C57: got 'Yes'"
"2","Warning: Expecting logical in BE17082 / R17082C57: got 'Yes'"
"2","Warning: Expecting logical in CF17141 / R17141C84: got 'Yes'"
"2","Warning: Expecting logical in CF17198 / R17198C84: got 'Yes'"
"2","Warning: Expecting numeric in C17220 / R17220C3: got '541|914'"
"2","Warning: Expecting numeric in C17223 / R17223C3: got '541|568|912'"
"2","Warning: Expecting numeric in C17226 / R17226C3: got '541|568'"
"2","Warning: Expecting numeric in C17231 / R17231C3: got '541|568'"
"2","Warning: Expecting numeric in C17248 / R17248C3: got '418|541'"
"2","Warning: Expecting logical in CF17267 / R17267C84: got 'Yes'"
"2","Warning: Expecting logical in CF17279 / R17279C84: got 'Yes'"
"2","Warning: Expecting logical in CF17311 / R17311C84: got 'Yes'"
"2","Warning: Expecting logical in CF17334 / R17334C84: got 'Yes'"
"2","Warning: Expecting logical in BE17338 / R17338C57: got 'Yes'"
"2","Warning: Expecting logical in CF17351 / R17351C84: got 'Yes'"
"2","Warning: Expecting logical in CF17352 / R17352C84: got 'Yes'"
"2","Warning: Expecting logical in CF17353 / R17353C84: got 'Yes'"
"2","Warning: Expecting logical in BE17364 / R17364C57: got 'Yes'"
"2","Warning: Expecting logical in CF17403 / R17403C84: got 'Yes'"
"2","Warning: Expecting logical in CF17440 / R17440C84: got 'Yes'"
"2","Warning: Expecting numeric in C17449 / R17449C3: got '907|860'"
"2","Warning: Expecting logical in CF17456 / R17456C84: got 'Yes'"
"2","Warning: Expecting logical in CF17457 / R17457C84: got 'Yes'"
"2","Warning: Expecting logical in BE17471 / R17471C57: got 'Yes'"
"2","Warning: Expecting logical in CL17471 / R17471C90: got 'Yes'"
"2","Warning: Expecting numeric in C17489 / R17489C3: got '797|807'"
"2","Warning: Expecting logical in CF17491 / R17491C84: got 'Yes'"
"2","Warning: Expecting logical in CF17494 / R17494C84: got 'Yes'"
"2","Warning: Expecting logical in CF17633 / R17633C84: got 'Yes'"
"2","Warning: Expecting logical in CF17634 / R17634C84: got 'Yes'"
"2","Warning: Expecting logical in CF17635 / R17635C84: got 'Yes'"
"2","Warning: Expecting logical in CO17646 / R17646C93: got 'Yes'"
"2","Warning: Expecting logical in CO17647 / R17647C93: got 'Yes'"
"2","Warning: Expecting logical in CO17648 / R17648C93: got 'Yes'"
"2","Warning: Expecting logical in CF17654 / R17654C84: got 'Yes'"
"2","Warning: Expecting logical in CF17690 / R17690C84: got 'Yes'"
"2","Warning: Expecting logical in BE17700 / R17700C57: got 'Yes'"
"2","Warning: Expecting logical in BE17702 / R17702C57: got 'Yes'"
"2","Warning: Expecting logical in BE17707 / R17707C57: got 'Yes'"
"2","Warning: Expecting logical in BE17708 / R17708C57: got 'Yes'"
"2","Warning: Expecting numeric in C17711 / R17711C3: got '1006|622'"
"2","Warning: Expecting numeric in C17712 / R17712C3: got '1251|622'"
"2","Warning: Expecting logical in CF17712 / R17712C84: got 'Yes'"
"2","Warning: Expecting numeric in C17719 / R17719C3: got '1251|622'"
"2","Warning: Expecting numeric in C17724 / R17724C3: got '980|1006'"
"2","Warning: Expecting numeric in C17725 / R17725C3: got '1251|622'"
"2","Warning: Expecting logical in CO17785 / R17785C93: got 'Yes'"
"2","Warning: Expecting logical in CO17786 / R17786C93: got 'Yes'"
"2","Warning: Expecting logical in BE17822 / R17822C57: got 'Yes'"
"2","Warning: Expecting logical in BE17848 / R17848C57: got 'Yes'"
"2","Warning: Expecting numeric in C17892 / R17892C3: got '442|910'"
"2","Warning: Expecting logical in CF17911 / R17911C84: got 'Yes'"
"2","Warning: Expecting logical in BE17915 / R17915C57: got 'Yes'"
"2","Warning: Expecting logical in CF17927 / R17927C84: got 'Yes'"
"2","Warning: Expecting numeric in C17957 / R17957C3: got '926|94'"
"2","Warning: Expecting logical in BE17957 / R17957C57: got 'Yes'"
"2","Warning: Expecting numeric in C18011 / R18011C3: got '568|912'"
"2","Warning: Expecting logical in CF18031 / R18031C84: got 'Yes'"
"2","Warning: Expecting logical in CF18046 / R18046C84: got 'Yes'"
"2","Warning: Expecting logical in CF18069 / R18069C84: got 'Yes'"
"2","Warning: Expecting logical in CF18074 / R18074C84: got 'Yes'"
"2","Warning: Expecting logical in CF18079 / R18079C84: got 'Yes'"
"2","Warning: Expecting logical in CF18084 / R18084C84: got 'Yes'"
"2","Warning: Expecting numeric in C18113 / R18113C3: got '614|656'"
"2","Warning: Expecting logical in CF18124 / R18124C84: got 'Yes'"
"2","Warning: Expecting logical in CF18149 / R18149C84: got 'Yes'"
"2","Warning: Expecting numeric in C18157 / R18157C3: got '423|906|947|949|948|950|951|952|979|981'"
"2","Warning: Expecting logical in BE18179 / R18179C57: got 'Yes'"
"2","Warning: Expecting logical in CF18201 / R18201C84: got 'Yes'"
"2","Warning: Expecting logical in CF18213 / R18213C84: got 'Yes'"
"2","Warning: Expecting logical in BE18260 / R18260C57: got 'Yes'"
"2","Warning: Expecting logical in CF18293 / R18293C84: got 'Yes'"
"2","Warning: Expecting logical in CF18323 / R18323C84: got 'Yes'"
"2","Warning: Expecting logical in CF18327 / R18327C84: got 'Yes'"
"2","Warning: Expecting logical in CF18328 / R18328C84: got 'Yes'"
"2","Warning: Expecting numeric in C18357 / R18357C3: got '839|2452'"
"2","Warning: Expecting logical in CF18361 / R18361C84: got 'Yes'"
"2","Warning: Expecting logical in BE18362 / R18362C57: got 'Yes'"
"2","Warning: Expecting logical in BE18369 / R18369C57: got 'Yes'"
"2","Warning: Expecting logical in CF18375 / R18375C84: got 'Yes'"
"2","Warning: Expecting logical in CF18394 / R18394C84: got 'Yes'"
"2","Warning: Expecting logical in CF18502 / R18502C84: got 'Yes'"
"2","Warning: Expecting logical in CF18610 / R18610C84: got 'Yes'"
"2","Warning: Expecting logical in CF18636 / R18636C84: got 'Yes'"
"2","Warning: Expecting logical in CF18699 / R18699C84: got 'Yes'"
"2","Warning: Expecting numeric in C18703 / R18703C3: got '541|568'"
"2","Warning: Expecting numeric in C18707 / R18707C3: got '541|568'"
"2","Warning: Expecting numeric in C18708 / R18708C3: got '541|568'"
"2","Warning: Expecting numeric in C18738 / R18738C3: got '541|568'"
"2","Warning: Expecting logical in CF18767 / R18767C84: got 'Yes'"
"2","Warning: Expecting logical in CF18779 / R18779C84: got 'Yes'"
"2","Warning: Expecting logical in CF18800 / R18800C84: got 'Yes'"
"2","Warning: Expecting logical in CF18813 / R18813C84: got 'Yes'"
"2","Warning: Expecting logical in CF18824 / R18824C84: got 'Yes'"
"2","Warning: Expecting logical in CF18838 / R18838C84: got 'Yes'"
"2","Warning: Expecting logical in CF18850 / R18850C84: got 'Yes'"
"2","Warning: Expecting logical in CF18855 / R18855C84: got 'Yes'"
"2","Warning: Expecting logical in CF18857 / R18857C84: got 'Yes'"
"2","Warning: Expecting logical in CF18860 / R18860C84: got 'Yes'"
"2","Warning: Expecting logical in CF19038 / R19038C84: got 'Yes'"
"2","Warning: Expecting logical in CF19068 / R19068C84: got 'Yes'"
"2","Warning: Expecting logical in CF19091 / R19091C84: got 'Yes'"
"2","Warning: Expecting logical in BE19170 / R19170C57: got 'Yes'"
"2","Warning: Expecting logical in CF19185 / R19185C84: got 'Yes'"
"2","Warning: Expecting logical in CF19226 / R19226C84: got 'Yes'"
"2","Warning: Expecting logical in CF19229 / R19229C84: got 'Yes'"
"2","Warning: Expecting logical in CO19253 / R19253C93: got 'Yes'"
"2","Warning: Expecting logical in CF19269 / R19269C84: got 'Yes'"
"2","Warning: Expecting numeric in C19333 / R19333C3: got '541|568'"
"2","Warning: Expecting numeric in C19335 / R19335C3: got '541|568'"
"2","Warning: Expecting numeric in C19337 / R19337C3: got '541|568'"
"2","Warning: Expecting logical in CF19380 / R19380C84: got 'Yes'"
"2","Warning: Expecting logical in CF19398 / R19398C84: got 'Yes'"
"2","Warning: Expecting logical in CF19432 / R19432C84: got 'Yes'"
"2","Warning: Expecting logical in CF19441 / R19441C84: got 'Yes'"
"2","Warning: Expecting logical in CF19445 / R19445C84: got 'Yes'"
"2","Warning: Expecting logical in CF19539 / R19539C84: got 'Yes'"
"2","Warning: Expecting logical in CF19546 / R19546C84: got 'Yes'"
"2","Warning: Expecting logical in CF19570 / R19570C84: got 'Yes'"
"2","Warning: Expecting logical in CF19571 / R19571C84: got 'Yes'"
"2","Warning: Expecting logical in CF19572 / R19572C84: got 'Yes'"
"2","Warning: Expecting logical in CF19573 / R19573C84: got 'Yes'"
"2","Warning: Expecting logical in CF19574 / R19574C84: got 'Yes'"
"2","Warning: Expecting logical in CF19576 / R19576C84: got 'Yes'"
"2","Warning: Expecting logical in CF19581 / R19581C84: got 'Yes'"
"2","Warning: Expecting logical in CF19585 / R19585C84: got 'Yes'"
"2","Warning: Expecting logical in CF19592 / R19592C84: got 'Yes'"
"2","Warning: Expecting logical in CF19623 / R19623C84: got 'Yes'"
"2","Warning: Expecting logical in CF19695 / R19695C84: got 'Yes'"
"2","Warning: Expecting logical in CF19725 / R19725C84: got 'Yes'"
"2","Warning: Expecting logical in CF19735 / R19735C84: got 'Yes'"
"2","Warning: Expecting logical in CF19744 / R19744C84: got 'Yes'"
"2","Warning: Expecting logical in CF19751 / R19751C84: got 'Yes'"
"2","Warning: Expecting logical in CF19771 / R19771C84: got 'Yes'"
"2","Warning: Expecting logical in CF19802 / R19802C84: got 'Yes'"
"2","Warning: Expecting logical in CF19834 / R19834C84: got 'Yes'"
"2","Warning: Expecting logical in CF19838 / R19838C84: got 'Yes'"
"2","Warning: Expecting logical in CF19852 / R19852C84: got 'Yes'"
"2","Warning: Expecting logical in CF19871 / R19871C84: got 'Yes'"
"2","Warning: Expecting logical in CF19888 / R19888C84: got 'Yes'"
"2","Warning: Expecting logical in CF19889 / R19889C84: got 'Yes'"
"2","Warning: Expecting logical in CF19922 / R19922C84: got 'Yes'"
"2","Warning: Expecting logical in CF19928 / R19928C84: got 'Yes'"
"2","Warning: Expecting numeric in C19960 / R19960C3: got '512|915|916'"
"2","Warning: Expecting logical in CF19976 / R19976C84: got 'Yes'"
"2","Warning: Expecting logical in CF19977 / R19977C84: got 'Yes'"
"2","Warning: Expecting logical in CF19979 / R19979C84: got 'Yes'"
"2","Warning: Expecting logical in CF19991 / R19991C84: got 'Yes'"
"2","Warning: Expecting logical in CF20009 / R20009C84: got 'Yes'"
"2","Warning: Expecting logical in CF20013 / R20013C84: got 'Yes'"
"2","Warning: Expecting logical in CF20014 / R20014C84: got 'Yes'"
"2","Warning: Expecting logical in CF20015 / R20015C84: got 'Yes'"
"2","Warning: Expecting logical in CF20016 / R20016C84: got 'Yes'"
"2","Warning: Expecting logical in CF20018 / R20018C84: got 'Yes'"
"2","Warning: Expecting logical in CF20038 / R20038C84: got 'Yes'"
"2","Warning: Expecting logical in BE20081 / R20081C57: got 'Yes'"
"2","Warning: Expecting logical in CF20094 / R20094C84: got 'Yes'"
"2","Warning: Expecting logical in CF20119 / R20119C84: got 'Yes'"
"2","Warning: Expecting logical in CF20120 / R20120C84: got 'Yes'"
"2","Warning: Expecting logical in CF20126 / R20126C84: got 'Yes'"
"2","Warning: Expecting logical in CF20150 / R20150C84: got 'Yes'"
"2","Warning: Expecting logical in CF20175 / R20175C84: got 'Yes'"
"2","Warning: Expecting logical in CF20176 / R20176C84: got 'Yes'"
"2","Warning: Expecting numeric in C20183 / R20183C3: got '541|568'"
"2","Warning: Expecting numeric in C20184 / R20184C3: got '568|1317'"
"2","Warning: Expecting logical in CF20216 / R20216C84: got 'Yes'"
"2","Warning: Expecting logical in CF20232 / R20232C84: got 'Yes'"
"2","Warning: Expecting logical in CF20255 / R20255C84: got 'Yes'"
"2","Warning: Expecting logical in CF20322 / R20322C84: got 'Yes'"
"2","Warning: Expecting logical in CF20323 / R20323C84: got 'Yes'"
"2","Warning: Expecting logical in CF20335 / R20335C84: got 'Yes'"
"2","Warning: Expecting logical in CF20348 / R20348C84: got 'Yes'"
"2","Warning: Expecting logical in CF20424 / R20424C84: got 'Yes'"
"2","Warning: Expecting logical in CF20431 / R20431C84: got 'Yes'"
"2","Warning: Expecting logical in CF20446 / R20446C84: got 'Yes'"
"2","Warning: Expecting logical in CF20448 / R20448C84: got 'Yes'"
"2","Warning: Expecting logical in CF20456 / R20456C84: got 'Yes'"
"2","Warning: Expecting logical in CF20463 / R20463C84: got 'Yes'"
"2","Warning: Expecting logical in CF20470 / R20470C84: got 'Yes'"
"2","Warning: Expecting logical in CF20515 / R20515C84: got 'Yes'"
"2","Warning: Expecting logical in CF20529 / R20529C84: got 'Yes'"
"2","Warning: Expecting logical in CF20545 / R20545C84: got 'Yes'"
"2","Warning: Expecting logical in CF20552 / R20552C84: got 'Yes'"
"2","Warning: Expecting logical in CF20568 / R20568C84: got 'Yes'"
"2","Warning: Expecting logical in CF20573 / R20573C84: got 'Yes'"
"2","Warning: Expecting logical in CF20592 / R20592C84: got 'Yes'"
"2","Warning: Expecting logical in CF20641 / R20641C84: got 'Yes'"
"2","Warning: Expecting logical in CF20653 / R20653C84: got 'Yes'"
"2","Warning: Expecting logical in CF20657 / R20657C84: got 'Yes'"
"2","Warning: Expecting logical in CF20661 / R20661C84: got 'Yes'"
"2","Warning: Expecting logical in CF20718 / R20718C84: got 'Yes'"
"2","Warning: Expecting logical in CF20721 / R20721C84: got 'Yes'"
"2","Warning: Expecting logical in CF20722 / R20722C84: got 'Yes'"
"2","Warning: Expecting logical in CF20751 / R20751C84: got 'Yes'"
"2","Warning: Expecting logical in BE20771 / R20771C57: got 'Yes'"
"2","Warning: Expecting logical in CF20794 / R20794C84: got 'Yes'"
"2","Warning: Expecting logical in CF20811 / R20811C84: got 'Yes'"
"2","Warning: Expecting logical in CF20853 / R20853C84: got 'Yes'"
"2","Warning: Expecting logical in CF20872 / R20872C84: got 'Yes'"
"2","Warning: Expecting logical in CF20873 / R20873C84: got 'Yes'"
"2","Warning: Expecting logical in CF20879 / R20879C84: got 'Yes'"
"2","Warning: Expecting logical in CF20880 / R20880C84: got 'Yes'"
"2","Warning: Expecting logical in CF20887 / R20887C84: got 'Yes'"
"2","Warning: Expecting logical in CF20890 / R20890C84: got 'Yes'"
"2","Warning: Expecting logical in CF20912 / R20912C84: got 'Yes'"
"2","Warning: Expecting logical in CF20929 / R20929C84: got 'Yes'"
"2","Warning: Expecting logical in CF20936 / R20936C84: got 'Yes'"
"2","Warning: Expecting logical in CF20949 / R20949C84: got 'Yes'"
"2","Warning: Expecting logical in CF20959 / R20959C84: got 'Yes'"
"2","Warning: Expecting logical in CF20961 / R20961C84: got 'Yes'"
"2","Warning: Expecting logical in CF20982 / R20982C84: got 'Yes'"
"0","df <- as.data.frame(df)"
"0",""
"0","#class(df)"
"0","#head(df)"
"0","#str(df)"
"0","#typeof(df)"
